subjID,is_control,trial_index,trial_n_start_ts,evidence_shape,evidence_catches_fish,input_evidence_response,evidence_resp_start_ts,evidence_resp_end_ts,prediction_start_ts,prediction_shape,prediction_catches_fish,input_prediction_catches_fish,input_prediction_conf,prediction_end_ts,trial_n_end_ts
user_1593731384425,False,1,1593731411233,"{'top_shape': 'teardrop', 'top_color': 'red', 'top_texture': True, 'bottom_shape': 'triangle', 'bottom_color': 'yellow', 'bottom_texture': False}",1,It could be that the color/shape of this lure were effective in luring the fish,1593731415819,1593731465856,1593731465856,"{'top_shape': 'teardrop', 'top_color': 'red', 'top_texture': True, 'bottom_shape': 'diamond', 'bottom_color': 'green', 'bottom_texture': False}",1,1,2,1593731477385,1593731477385
user_1593731384425,False,2,1593731477385,"{'top_shape': 'circle', 'top_color': 'green', 'top_texture': False, 'bottom_shape': 'teardrop', 'bottom_color': 'blue', 'bottom_texture': False}",0,The wrong shape and color,1593731481291,1593731493062,1593731493062,"{'top_shape': 'circle', 'top_color': 'green', 'top_texture': False, 'bottom_shape': 'triangle', 'bottom_color': 'red', 'bottom_texture': False}",1,0,2,1593731500738,1593731500738
user_1593731384425,False,3,1593731500739,"{'top_shape': 'diamond', 'top_color': 'yellow', 'top_texture': False, 'bottom_shape': 'circle', 'bottom_color': 'green', 'bottom_texture': True}",0,Rounded tips aren't as effective as the pointy tips seen in the first combination.,1593731505093,1593731535195,1593731535196,"{'top_shape': 'triangle', 'top_color': 'yellow', 'top_texture': False, 'bottom_shape': 'circle', 'bottom_color': 'green', 'bottom_texture': True}",0,0,4,1593731547061,1593731547061
user_1593731384425,False,4,1593731547061,"{'top_shape': 'oval', 'top_color': 'blue', 'top_texture': False, 'bottom_shape': 'star', 'bottom_color': 'yellow', 'bottom_texture': True}",1,The tip of the lure combination is sharp. ,1593731549763,1593731560990,1593731560990,"{'top_shape': 'oval', 'top_color': 'blue', 'top_texture': False, 'bottom_shape': 'teardrop', 'bottom_color': 'red', 'bottom_texture': True}",0,0,4,1593731568760,1593731568760
user_1593731384425,False,5,1593731568761,"{'top_shape': 'circle', 'top_color': 'red', 'top_texture': True, 'bottom_shape': 'diamond', 'bottom_color': 'green', 'bottom_texture': True}",1,The tip of the lure combination has shape edges.,1593731572569,1593731587692,1593731587693,"{'top_shape': 'circle', 'top_color': 'red', 'top_texture': True, 'bottom_shape': 'teardrop', 'bottom_color': 'blue', 'bottom_texture': False}",0,0,5,1593731594579,1593731594579
user_1593731384425,False,6,1593731594579,"{'top_shape': 'star', 'top_color': 'blue', 'top_texture': False, 'bottom_shape': 'circle', 'bottom_color': 'red', 'bottom_texture': False}",0,The tip of the lure combination is rounded.,1593731596750,1593731604247,1593731604247,"{'top_shape': 'star', 'top_color': 'blue', 'top_texture': False, 'bottom_shape': 'star', 'bottom_color': 'yellow', 'bottom_texture': True}",1,1,5,1593731614949,1593731614949
user_1593731384425,False,7,1593731614950,"{'top_shape': 'diamond', 'top_color': 'yellow', 'top_texture': True, 'bottom_shape': 'diamond', 'bottom_color': 'blue', 'bottom_texture': False}",1,The tip of the lure combination is sharp. ,1593731617949,1593731634238,1593731634238,"{'top_shape': 'star', 'top_color': 'green', 'top_texture': False, 'bottom_shape': 'diamond', 'bottom_color': 'blue', 'bottom_texture': False}",1,1,6,1593731639272,1593731639272
user_1593731384425,False,8,1593731639273,"{'top_shape': 'triangle', 'top_color': 'green', 'top_texture': True, 'bottom_shape': 'oval', 'bottom_color': 'red', 'bottom_texture': True}",0,The shape at the bottom doesn't have any sharp edges.,1593731641171,1593731656268,1593731656269,"{'top_shape': 'diamond', 'top_color': 'yellow', 'top_texture': False, 'bottom_shape': 'oval', 'bottom_color': 'red', 'bottom_texture': True}",0,0,7,1593731660362,1593731660362
user_1593713143304,False,1,1593713176947,"{'top_shape': 'teardrop', 'top_color': 'red', 'top_texture': True, 'bottom_shape': 'triangle', 'bottom_color': 'yellow', 'bottom_texture': False}",1,Contrasting colors?,1593713181899,1593713200827,1593713200828,"{'top_shape': 'teardrop', 'top_color': 'red', 'top_texture': True, 'bottom_shape': 'diamond', 'bottom_color': 'green', 'bottom_texture': False}",1,1,5,1593713208262,1593713208262
user_1593713143304,False,2,1593713208262,"{'top_shape': 'circle', 'top_color': 'green', 'top_texture': False, 'bottom_shape': 'teardrop', 'bottom_color': 'blue', 'bottom_texture': False}",0,Not contrasting colors,1593713217708,1593713224628,1593713224628,"{'top_shape': 'circle', 'top_color': 'green', 'top_texture': False, 'bottom_shape': 'triangle', 'bottom_color': 'red', 'bottom_texture': False}",1,1,5,1593713235444,1593713235444
user_1593713143304,False,3,1593713235444,"{'top_shape': 'diamond', 'top_color': 'yellow', 'top_texture': False, 'bottom_shape': 'circle', 'bottom_color': 'green', 'bottom_texture': True}",0,Not contrasting colors,1593713239052,1593713246460,1593713246460,"{'top_shape': 'triangle', 'top_color': 'yellow', 'top_texture': False, 'bottom_shape': 'circle', 'bottom_color': 'green', 'bottom_texture': True}",0,0,4,1593713256204,1593713256204
user_1593713143304,False,4,1593713256204,"{'top_shape': 'oval', 'top_color': 'blue', 'top_texture': False, 'bottom_shape': 'star', 'bottom_color': 'yellow', 'bottom_texture': True}",1,Contrasting colors again,1593713262052,1593713276723,1593713276723,"{'top_shape': 'oval', 'top_color': 'blue', 'top_texture': False, 'bottom_shape': 'teardrop', 'bottom_color': 'red', 'bottom_texture': True}",0,0,5,1593713281526,1593713281526
user_1593713143304,False,5,1593713281526,"{'top_shape': 'circle', 'top_color': 'red', 'top_texture': True, 'bottom_shape': 'diamond', 'bottom_color': 'green', 'bottom_texture': True}",1,same colored dots?,1593713285380,1593713298427,1593713298427,"{'top_shape': 'circle', 'top_color': 'red', 'top_texture': True, 'bottom_shape': 'teardrop', 'bottom_color': 'blue', 'bottom_texture': False}",0,0,5,1593713303812,1593713303812
user_1593713143304,False,6,1593713303812,"{'top_shape': 'star', 'top_color': 'blue', 'top_texture': False, 'bottom_shape': 'circle', 'bottom_color': 'red', 'bottom_texture': False}",0,Similar colors,1593713307796,1593713317675,1593713317675,"{'top_shape': 'star', 'top_color': 'blue', 'top_texture': False, 'bottom_shape': 'star', 'bottom_color': 'yellow', 'bottom_texture': True}",1,1,5,1593713332924,1593713332924
user_1593713143304,False,7,1593713332924,"{'top_shape': 'diamond', 'top_color': 'yellow', 'top_texture': True, 'bottom_shape': 'diamond', 'bottom_color': 'blue', 'bottom_texture': False}",1,Contrasting colors?,1593713335997,1593713344331,1593713344331,"{'top_shape': 'star', 'top_color': 'green', 'top_texture': False, 'bottom_shape': 'diamond', 'bottom_color': 'blue', 'bottom_texture': False}",1,0,5,1593713348003,1593713348003
user_1593713143304,False,8,1593713348003,"{'top_shape': 'triangle', 'top_color': 'green', 'top_texture': True, 'bottom_shape': 'oval', 'bottom_color': 'red', 'bottom_texture': True}",0,Not contrasting colors,1593713349750,1593713360756,1593713360757,"{'top_shape': 'diamond', 'top_color': 'yellow', 'top_texture': False, 'bottom_shape': 'oval', 'bottom_color': 'red', 'bottom_texture': True}",0,1,4,1593713367931,1593713367931
user_1593727685457,True,1,1593727719960,"{'top_shape': 'teardrop', 'top_color': 'red', 'top_texture': True, 'bottom_shape': 'triangle', 'bottom_color': 'yellow', 'bottom_texture': False}",1,"shaped like a fish, top is red (body/head) bottom is yellow (tail) and there is a purple dot (eye)",1593727728411,1593727777168,1593727777169,"{'top_shape': 'teardrop', 'top_color': 'red', 'top_texture': True, 'bottom_shape': 'diamond', 'bottom_color': 'green', 'bottom_texture': False}",1,1,5,1593727786389,1593727786389
user_1593727685457,True,2,1593727786390,"{'top_shape': 'circle', 'top_color': 'green', 'top_texture': False, 'bottom_shape': 'teardrop', 'bottom_color': 'blue', 'bottom_texture': False}",0,"not shaped like a fish, rounder shapes, green top and blue bottom",1593727793029,1593727814496,1593727814497,"{'top_shape': 'circle', 'top_color': 'green', 'top_texture': False, 'bottom_shape': 'triangle', 'bottom_color': 'red', 'bottom_texture': False}",1,0,5,1593727823335,1593727823335
user_1593727685457,True,3,1593727823336,"{'top_shape': 'diamond', 'top_color': 'yellow', 'top_texture': False, 'bottom_shape': 'circle', 'bottom_color': 'green', 'bottom_texture': True}",0,"not shaped like fish, yellow top and green bottom with purple dot",1593727827068,1593727847164,1593727847164,"{'top_shape': 'triangle', 'top_color': 'yellow', 'top_texture': False, 'bottom_shape': 'circle', 'bottom_color': 'green', 'bottom_texture': True}",0,0,5,1593727855741,1593727855741
user_1593727685457,True,4,1593727855741,"{'top_shape': 'oval', 'top_color': 'blue', 'top_texture': False, 'bottom_shape': 'star', 'bottom_color': 'yellow', 'bottom_texture': True}",1,"shaped like fish, top is blue, bottom is yellow with a dot",1593727859339,1593727873638,1593727873638,"{'top_shape': 'oval', 'top_color': 'blue', 'top_texture': False, 'bottom_shape': 'teardrop', 'bottom_color': 'red', 'bottom_texture': True}",0,0,5,1593727882171,1593727882171
user_1593727685457,True,5,1593727882172,"{'top_shape': 'circle', 'top_color': 'red', 'top_texture': True, 'bottom_shape': 'diamond', 'bottom_color': 'green', 'bottom_texture': True}",1,"red top with purple dot, green bottom with purple dot",1593727887117,1593727903841,1593727903841,"{'top_shape': 'circle', 'top_color': 'red', 'top_texture': True, 'bottom_shape': 'teardrop', 'bottom_color': 'blue', 'bottom_texture': False}",0,0,5,1593727910597,1593727910597
user_1593727685457,True,6,1593727910597,"{'top_shape': 'star', 'top_color': 'blue', 'top_texture': False, 'bottom_shape': 'circle', 'bottom_color': 'red', 'bottom_texture': False}",0,star blue top with red circle attached,1593727912843,1593727922613,1593727922613,"{'top_shape': 'star', 'top_color': 'blue', 'top_texture': False, 'bottom_shape': 'star', 'bottom_color': 'yellow', 'bottom_texture': True}",1,0,3,1593727931179,1593727931179
user_1593727685457,True,7,1593727931180,"{'top_shape': 'diamond', 'top_color': 'yellow', 'top_texture': True, 'bottom_shape': 'diamond', 'bottom_color': 'blue', 'bottom_texture': False}",1,"fish shape, yellow top with purple dot and blue bottom ",1593727933881,1593727945555,1593727945556,"{'top_shape': 'star', 'top_color': 'green', 'top_texture': False, 'bottom_shape': 'diamond', 'bottom_color': 'blue', 'bottom_texture': False}",1,0,2,1593727957372,1593727957372
user_1593727685457,True,8,1593727957372,"{'top_shape': 'triangle', 'top_color': 'green', 'top_texture': True, 'bottom_shape': 'oval', 'bottom_color': 'red', 'bottom_texture': True}",0,"green triangle top with purple dot, red oval bottom with dot",1593727960431,1593727978407,1593727978408,"{'top_shape': 'diamond', 'top_color': 'yellow', 'top_texture': False, 'bottom_shape': 'oval', 'bottom_color': 'red', 'bottom_texture': True}",0,0,5,1593727991483,1593727991483
user_1593731799971,True,1,1593731805801,"{'top_shape': 'teardrop', 'top_color': 'red', 'top_texture': True, 'bottom_shape': 'triangle', 'bottom_color': 'yellow', 'bottom_texture': False}",1,"The top red shape resembles a tear drop, it has a purple circle in it. The bottom shape is a yellow triangle. ",1593731807764,1593731862241,1593731862241,"{'top_shape': 'teardrop', 'top_color': 'red', 'top_texture': True, 'bottom_shape': 'diamond', 'bottom_color': 'green', 'bottom_texture': False}",1,1,2,1593731871263,1593731871263
user_1593731799971,True,2,1593731871263,"{'top_shape': 'circle', 'top_color': 'green', 'top_texture': False, 'bottom_shape': 'teardrop', 'bottom_color': 'blue', 'bottom_texture': False}",0,The top shape is a green circle. the bottom shape is a blue tear drop.,1593731873855,1593731906978,1593731906978,"{'top_shape': 'circle', 'top_color': 'green', 'top_texture': False, 'bottom_shape': 'triangle', 'bottom_color': 'red', 'bottom_texture': False}",1,1,2,1593731912507,1593731912507
user_1593731799971,True,3,1593731912507,"{'top_shape': 'diamond', 'top_color': 'yellow', 'top_texture': False, 'bottom_shape': 'circle', 'bottom_color': 'green', 'bottom_texture': True}",0,The top is a yellow square. The bottom is a green circle with a red dot.,1593731914981,1593731935022,1593731935022,"{'top_shape': 'triangle', 'top_color': 'yellow', 'top_texture': False, 'bottom_shape': 'circle', 'bottom_color': 'green', 'bottom_texture': True}",0,0,4,1593731940470,1593731940470
user_1593731799971,True,4,1593731940471,"{'top_shape': 'oval', 'top_color': 'blue', 'top_texture': False, 'bottom_shape': 'star', 'bottom_color': 'yellow', 'bottom_texture': True}",1,The top is a blue oval. The bottom is a star with a red dot.,1593731942634,1593731959364,1593731959364,"{'top_shape': 'oval', 'top_color': 'blue', 'top_texture': False, 'bottom_shape': 'teardrop', 'bottom_color': 'red', 'bottom_texture': True}",0,0,4,1593731963225,1593731963225
user_1593731799971,True,5,1593731963225,"{'top_shape': 'circle', 'top_color': 'red', 'top_texture': True, 'bottom_shape': 'diamond', 'bottom_color': 'green', 'bottom_texture': True}",1,The top is a red circle with a purple dot. The bottom is a green square with a red dot.,1593731965493,1593731988390,1593731988390,"{'top_shape': 'circle', 'top_color': 'red', 'top_texture': True, 'bottom_shape': 'teardrop', 'bottom_color': 'blue', 'bottom_texture': False}",0,0,4,1593731992297,1593731992297
user_1593731799971,True,6,1593731992297,"{'top_shape': 'star', 'top_color': 'blue', 'top_texture': False, 'bottom_shape': 'circle', 'bottom_color': 'red', 'bottom_texture': False}",0,The top is a blue star. The bottom is a red circle,1593731994187,1593732003154,1593732003154,"{'top_shape': 'star', 'top_color': 'blue', 'top_texture': False, 'bottom_shape': 'star', 'bottom_color': 'yellow', 'bottom_texture': True}",1,1,4,1593732007126,1593732007126
user_1593731799971,True,7,1593732007126,"{'top_shape': 'diamond', 'top_color': 'yellow', 'top_texture': True, 'bottom_shape': 'diamond', 'bottom_color': 'blue', 'bottom_texture': False}",1,The top is a yellow square with a purple dot. The bottom is a blue square,1593732009336,1593732024197,1593732024197,"{'top_shape': 'star', 'top_color': 'green', 'top_texture': False, 'bottom_shape': 'diamond', 'bottom_color': 'blue', 'bottom_texture': False}",1,1,5,1593732028656,1593732028656
user_1593731799971,True,8,1593732028656,"{'top_shape': 'triangle', 'top_color': 'green', 'top_texture': True, 'bottom_shape': 'oval', 'bottom_color': 'red', 'bottom_texture': True}",0,The top is a green triangle with a purple dot. The bottom is a red oval with a. purple dot.,1593732031854,1593732049565,1593732049565,"{'top_shape': 'diamond', 'top_color': 'yellow', 'top_texture': False, 'bottom_shape': 'oval', 'bottom_color': 'red', 'bottom_texture': True}",0,0,7,1593732053790,1593732053790
user_1593719980855,True,1,1593720003406,"{'top_shape': 'teardrop', 'top_color': 'red', 'top_texture': True, 'bottom_shape': 'triangle', 'bottom_color': 'yellow', 'bottom_texture': False}",1,a red ice cream with waffle cone,1593720010462,1593720062876,1593720062876,"{'top_shape': 'teardrop', 'top_color': 'red', 'top_texture': True, 'bottom_shape': 'diamond', 'bottom_color': 'green', 'bottom_texture': False}",1,0,2,1593720075335,1593720075335
user_1593719980855,True,2,1593720075336,"{'top_shape': 'circle', 'top_color': 'green', 'top_texture': False, 'bottom_shape': 'teardrop', 'bottom_color': 'blue', 'bottom_texture': False}",0,its some kind of veggies that fish don't like,1593720082155,1593720106720,1593720106720,"{'top_shape': 'circle', 'top_color': 'green', 'top_texture': False, 'bottom_shape': 'triangle', 'bottom_color': 'red', 'bottom_texture': False}",1,1,3,1593720116717,1593720116717
user_1593719980855,True,3,1593720116717,"{'top_shape': 'diamond', 'top_color': 'yellow', 'top_texture': False, 'bottom_shape': 'circle', 'bottom_color': 'green', 'bottom_texture': True}",0,its an olive and a slice of cheese,1593720120918,1593720139952,1593720139953,"{'top_shape': 'triangle', 'top_color': 'yellow', 'top_texture': False, 'bottom_shape': 'circle', 'bottom_color': 'green', 'bottom_texture': True}",0,1,3,1593720146695,1593720146695
user_1593719980855,True,4,1593720146695,"{'top_shape': 'oval', 'top_color': 'blue', 'top_texture': False, 'bottom_shape': 'star', 'bottom_color': 'yellow', 'bottom_texture': True}",1,the blue thing is something that the fish like,1593720151210,1593720164489,1593720164490,"{'top_shape': 'oval', 'top_color': 'blue', 'top_texture': False, 'bottom_shape': 'teardrop', 'bottom_color': 'red', 'bottom_texture': True}",0,1,5,1593720175375,1593720175375
user_1593719980855,True,5,1593720175376,"{'top_shape': 'circle', 'top_color': 'red', 'top_texture': True, 'bottom_shape': 'diamond', 'bottom_color': 'green', 'bottom_texture': True}",1,the fish likes something red with a purple dot,1593720179733,1593720196388,1593720196388,"{'top_shape': 'circle', 'top_color': 'red', 'top_texture': True, 'bottom_shape': 'teardrop', 'bottom_color': 'blue', 'bottom_texture': False}",0,1,5,1593720205216,1593720205216
user_1593719980855,True,6,1593720205217,"{'top_shape': 'star', 'top_color': 'blue', 'top_texture': False, 'bottom_shape': 'circle', 'bottom_color': 'red', 'bottom_texture': False}",0,the fish doesn't like blue in this star shape,1593720208741,1593720230381,1593720230382,"{'top_shape': 'star', 'top_color': 'blue', 'top_texture': False, 'bottom_shape': 'star', 'bottom_color': 'yellow', 'bottom_texture': True}",1,1,2,1593720238760,1593720238760
user_1593719980855,True,7,1593720238760,"{'top_shape': 'diamond', 'top_color': 'yellow', 'top_texture': True, 'bottom_shape': 'diamond', 'bottom_color': 'blue', 'bottom_texture': False}",1,Fish likes this yellow with a purple dot and the blue square,1593720243380,1593720269613,1593720269614,"{'top_shape': 'star', 'top_color': 'green', 'top_texture': False, 'bottom_shape': 'diamond', 'bottom_color': 'blue', 'bottom_texture': False}",1,0,3,1593720277830,1593720277830
user_1593719980855,True,8,1593720277830,"{'top_shape': 'triangle', 'top_color': 'green', 'top_texture': True, 'bottom_shape': 'oval', 'bottom_color': 'red', 'bottom_texture': True}",0,fish don't like this green and purple dot,1593720281453,1593720302267,1593720302267,"{'top_shape': 'diamond', 'top_color': 'yellow', 'top_texture': False, 'bottom_shape': 'oval', 'bottom_color': 'red', 'bottom_texture': True}",0,0,3,1593720314823,1593720314823
user_1593722850430,True,1,1593722858302,"{'top_shape': 'teardrop', 'top_color': 'red', 'top_texture': True, 'bottom_shape': 'triangle', 'bottom_color': 'yellow', 'bottom_texture': False}",1,Red drop and yellow triangle,1593722861219,1593722877254,1593722877255,"{'top_shape': 'teardrop', 'top_color': 'red', 'top_texture': True, 'bottom_shape': 'diamond', 'bottom_color': 'green', 'bottom_texture': False}",1,1,5,1593722883959,1593722883959
user_1593722850430,True,2,1593722883960,"{'top_shape': 'circle', 'top_color': 'green', 'top_texture': False, 'bottom_shape': 'teardrop', 'bottom_color': 'blue', 'bottom_texture': False}",0,Green circle on top of blue drop ,1593722887277,1593722911983,1593722911984,"{'top_shape': 'circle', 'top_color': 'green', 'top_texture': False, 'bottom_shape': 'triangle', 'bottom_color': 'red', 'bottom_texture': False}",1,1,3,1593722917090,1593722917090
user_1593722850430,True,3,1593722917091,"{'top_shape': 'diamond', 'top_color': 'yellow', 'top_texture': False, 'bottom_shape': 'circle', 'bottom_color': 'green', 'bottom_texture': True}",0,Yellow diamond on top of green circle,1593722922259,1593722939931,1593722939932,"{'top_shape': 'triangle', 'top_color': 'yellow', 'top_texture': False, 'bottom_shape': 'circle', 'bottom_color': 'green', 'bottom_texture': True}",0,1,5,1593722948647,1593722948647
user_1593722850430,True,4,1593722948647,"{'top_shape': 'oval', 'top_color': 'blue', 'top_texture': False, 'bottom_shape': 'star', 'bottom_color': 'yellow', 'bottom_texture': True}",1,Blue egg on yellow star,1593722951281,1593722970486,1593722970486,"{'top_shape': 'oval', 'top_color': 'blue', 'top_texture': False, 'bottom_shape': 'teardrop', 'bottom_color': 'red', 'bottom_texture': True}",0,0,5,1593722976348,1593722976348
user_1593722850430,True,5,1593722976349,"{'top_shape': 'circle', 'top_color': 'red', 'top_texture': True, 'bottom_shape': 'diamond', 'bottom_color': 'green', 'bottom_texture': True}",1,Red circle on top of green diamond,1593722984335,1593723001528,1593723001528,"{'top_shape': 'circle', 'top_color': 'red', 'top_texture': True, 'bottom_shape': 'teardrop', 'bottom_color': 'blue', 'bottom_texture': False}",0,1,3,1593723008146,1593723008146
user_1593722850430,True,6,1593723008146,"{'top_shape': 'star', 'top_color': 'blue', 'top_texture': False, 'bottom_shape': 'circle', 'bottom_color': 'red', 'bottom_texture': False}",0,Blue star on top of red circle ,1593723010236,1593723026108,1593723026109,"{'top_shape': 'star', 'top_color': 'blue', 'top_texture': False, 'bottom_shape': 'star', 'bottom_color': 'yellow', 'bottom_texture': True}",1,1,5,1593723035234,1593723035234
user_1593722850430,True,7,1593723035235,"{'top_shape': 'diamond', 'top_color': 'yellow', 'top_texture': True, 'bottom_shape': 'diamond', 'bottom_color': 'blue', 'bottom_texture': False}",1,Yellow diamond on top of blue diamond,1593723038322,1593723052650,1593723052651,"{'top_shape': 'star', 'top_color': 'green', 'top_texture': False, 'bottom_shape': 'diamond', 'bottom_color': 'blue', 'bottom_texture': False}",1,0,2,1593723060566,1593723060566
user_1593722850430,True,8,1593723060566,"{'top_shape': 'triangle', 'top_color': 'green', 'top_texture': True, 'bottom_shape': 'oval', 'bottom_color': 'red', 'bottom_texture': True}",0,Green triangle on top of red egg,1593723062833,1593723081254,1593723081257,"{'top_shape': 'diamond', 'top_color': 'yellow', 'top_texture': False, 'bottom_shape': 'oval', 'bottom_color': 'red', 'bottom_texture': True}",0,1,5,1593723087515,1593723087515
user_1593728665425,True,1,1593728702989,"{'top_shape': 'teardrop', 'top_color': 'red', 'top_texture': True, 'bottom_shape': 'triangle', 'bottom_color': 'yellow', 'bottom_texture': False}",1,"A downward-pointing triangular edge attatched to a larger, upside-down, ice cream cone-shaped object.",1593728715897,1593728895791,1593728895792,"{'top_shape': 'teardrop', 'top_color': 'red', 'top_texture': True, 'bottom_shape': 'diamond', 'bottom_color': 'green', 'bottom_texture': False}",1,0,1,1593728910952,1593728910952
user_1593728665425,True,2,1593728910952,"{'top_shape': 'circle', 'top_color': 'green', 'top_texture': False, 'bottom_shape': 'teardrop', 'bottom_color': 'blue', 'bottom_texture': False}",0,A smaller water-droplet shaped object hanging thinly from a larger circular base,1593728914639,1593729038407,1593729038407,"{'top_shape': 'circle', 'top_color': 'green', 'top_texture': False, 'bottom_shape': 'triangle', 'bottom_color': 'red', 'bottom_texture': False}",1,1,6,1593729050797,1593729050797
user_1593728665425,True,3,1593729050797,"{'top_shape': 'diamond', 'top_color': 'yellow', 'top_texture': False, 'bottom_shape': 'circle', 'bottom_color': 'green', 'bottom_texture': True}",0,A circular shaped object attached and hanging to a square object by one of its corners.,1593729059199,1593729143413,1593729143413,"{'top_shape': 'triangle', 'top_color': 'yellow', 'top_texture': False, 'bottom_shape': 'circle', 'bottom_color': 'green', 'bottom_texture': True}",0,0,6,1593729153648,1593729153648
user_1593728665425,True,4,1593729153649,"{'top_shape': 'oval', 'top_color': 'blue', 'top_texture': False, 'bottom_shape': 'star', 'bottom_color': 'yellow', 'bottom_texture': True}",1,an oval-shaped base that is attached to by a star shaped object ,1593729162487,1593729217006,1593729217006,"{'top_shape': 'oval', 'top_color': 'blue', 'top_texture': False, 'bottom_shape': 'teardrop', 'bottom_color': 'red', 'bottom_texture': True}",0,0,6,1593729222224,1593729222224
user_1593728665425,True,5,1593729222224,"{'top_shape': 'circle', 'top_color': 'red', 'top_texture': True, 'bottom_shape': 'diamond', 'bottom_color': 'green', 'bottom_texture': True}",1,A square shaped object hanging to a larger circular base by one of its corners.,1593729227570,1593729265324,1593729265324,"{'top_shape': 'circle', 'top_color': 'red', 'top_texture': True, 'bottom_shape': 'teardrop', 'bottom_color': 'blue', 'bottom_texture': False}",0,0,7,1593729282188,1593729282188
user_1593728665425,True,6,1593729282188,"{'top_shape': 'star', 'top_color': 'blue', 'top_texture': False, 'bottom_shape': 'circle', 'bottom_color': 'red', 'bottom_texture': False}",0,A smaller circular object attached to a larger star-shaped base with 4 vertices.,1593729286394,1593729408296,1593729408296,"{'top_shape': 'star', 'top_color': 'blue', 'top_texture': False, 'bottom_shape': 'star', 'bottom_color': 'yellow', 'bottom_texture': True}",1,1,7,1593729422918,1593729422918
user_1593728665425,True,7,1593729422918,"{'top_shape': 'diamond', 'top_color': 'yellow', 'top_texture': True, 'bottom_shape': 'diamond', 'bottom_color': 'blue', 'bottom_texture': False}",1,A smaller square-shaped object attached and hanging onto the vertice of a square-shaped base by one of its corners.,1593729425748,1593729587138,1593729587138,"{'top_shape': 'star', 'top_color': 'green', 'top_texture': False, 'bottom_shape': 'diamond', 'bottom_color': 'blue', 'bottom_texture': False}",1,1,7,1593729594266,1593729594266
user_1593728665425,True,8,1593729594266,"{'top_shape': 'triangle', 'top_color': 'green', 'top_texture': True, 'bottom_shape': 'oval', 'bottom_color': 'red', 'bottom_texture': True}",0,A smaller oval-shaped object thinly attached to a larger triangle-shaped base at its vertice.,1593729606428,1593729674896,1593729674896,"{'top_shape': 'diamond', 'top_color': 'yellow', 'top_texture': False, 'bottom_shape': 'oval', 'bottom_color': 'red', 'bottom_texture': True}",0,0,7,1593729679768,1593729679768
user_1593724723641,False,1,1593724749145,"{'top_shape': 'teardrop', 'top_color': 'red', 'top_texture': True, 'bottom_shape': 'triangle', 'bottom_color': 'yellow', 'bottom_texture': False}",1,The lure might have caught the fish because the lure is bright and looks like fish bait. ,1593724757369,1593724790953,1593724790953,"{'top_shape': 'teardrop', 'top_color': 'red', 'top_texture': True, 'bottom_shape': 'diamond', 'bottom_color': 'green', 'bottom_texture': False}",1,1,4,1593724807767,1593724807767
user_1593724723641,False,2,1593724807768,"{'top_shape': 'circle', 'top_color': 'green', 'top_texture': False, 'bottom_shape': 'teardrop', 'bottom_color': 'blue', 'bottom_texture': False}",0,"The lure wasn't sturdy enough, missing a piece. ",1593724815752,1593724831507,1593724831508,"{'top_shape': 'circle', 'top_color': 'green', 'top_texture': False, 'bottom_shape': 'triangle', 'bottom_color': 'red', 'bottom_texture': False}",1,0,5,1593724835916,1593724835916
user_1593724723641,False,3,1593724835916,"{'top_shape': 'diamond', 'top_color': 'yellow', 'top_texture': False, 'bottom_shape': 'circle', 'bottom_color': 'green', 'bottom_texture': True}",0,The lure isn't the color and shape it should be to catch the fish.,1593724843026,1593724870321,1593724870321,"{'top_shape': 'triangle', 'top_color': 'yellow', 'top_texture': False, 'bottom_shape': 'circle', 'bottom_color': 'green', 'bottom_texture': True}",0,0,6,1593724876727,1593724876727
user_1593724723641,False,4,1593724876728,"{'top_shape': 'oval', 'top_color': 'blue', 'top_texture': False, 'bottom_shape': 'star', 'bottom_color': 'yellow', 'bottom_texture': True}",1,The lure is the right shape and has a pointy end. ,1593724880940,1593724894563,1593724894563,"{'top_shape': 'oval', 'top_color': 'blue', 'top_texture': False, 'bottom_shape': 'teardrop', 'bottom_color': 'red', 'bottom_texture': True}",0,0,3,1593724900986,1593724900986
user_1593724723641,False,5,1593724900986,"{'top_shape': 'circle', 'top_color': 'red', 'top_texture': True, 'bottom_shape': 'diamond', 'bottom_color': 'green', 'bottom_texture': True}",1,The lure is round and has a pointy end,1593724907354,1593724920485,1593724920485,"{'top_shape': 'circle', 'top_color': 'red', 'top_texture': True, 'bottom_shape': 'teardrop', 'bottom_color': 'blue', 'bottom_texture': False}",0,0,5,1593724924251,1593724924251
user_1593724723641,False,6,1593724924251,"{'top_shape': 'star', 'top_color': 'blue', 'top_texture': False, 'bottom_shape': 'circle', 'bottom_color': 'red', 'bottom_texture': False}",0,The lure is not round nor does it have a pointy end for the fish to hook onto. ,1593724927378,1593724945426,1593724945426,"{'top_shape': 'star', 'top_color': 'blue', 'top_texture': False, 'bottom_shape': 'star', 'bottom_color': 'yellow', 'bottom_texture': True}",1,0,3,1593724952678,1593724952678
user_1593724723641,False,7,1593724952678,"{'top_shape': 'diamond', 'top_color': 'yellow', 'top_texture': True, 'bottom_shape': 'diamond', 'bottom_color': 'blue', 'bottom_texture': False}",1,As long as the lure has a pointy end the fish will be caught. ,1593724957503,1593724971467,1593724971468,"{'top_shape': 'star', 'top_color': 'green', 'top_texture': False, 'bottom_shape': 'diamond', 'bottom_color': 'blue', 'bottom_texture': False}",1,1,6,1593724975508,1593724975508
user_1593724723641,False,8,1593724975508,"{'top_shape': 'triangle', 'top_color': 'green', 'top_texture': True, 'bottom_shape': 'oval', 'bottom_color': 'red', 'bottom_texture': True}",0,The ned of the lure isn't pointy.,1593724978470,1593724985878,1593724985878,"{'top_shape': 'diamond', 'top_color': 'yellow', 'top_texture': False, 'bottom_shape': 'oval', 'bottom_color': 'red', 'bottom_texture': True}",0,0,5,1593724990047,1593724990047
user_1593721314541,True,1,1593721320240,"{'top_shape': 'teardrop', 'top_color': 'red', 'top_texture': True, 'bottom_shape': 'triangle', 'bottom_color': 'yellow', 'bottom_texture': False}",1,Red teardrop with purple circle on yellow triangle ,1593721321253,1593721350328,1593721350329,"{'top_shape': 'teardrop', 'top_color': 'red', 'top_texture': True, 'bottom_shape': 'diamond', 'bottom_color': 'green', 'bottom_texture': False}",1,1,3,1593721365470,1593721365470
user_1593721314541,True,2,1593721365471,"{'top_shape': 'circle', 'top_color': 'green', 'top_texture': False, 'bottom_shape': 'teardrop', 'bottom_color': 'blue', 'bottom_texture': False}",0,Green circle on blue teardrop,1593721372654,1593721389098,1593721389099,"{'top_shape': 'circle', 'top_color': 'green', 'top_texture': False, 'bottom_shape': 'triangle', 'bottom_color': 'red', 'bottom_texture': False}",1,0,3,1593721395187,1593721395187
user_1593721314541,True,3,1593721395188,"{'top_shape': 'diamond', 'top_color': 'yellow', 'top_texture': False, 'bottom_shape': 'circle', 'bottom_color': 'green', 'bottom_texture': True}",0,Yellow diamond on green circle,1593721399238,1593721417049,1593721417050,"{'top_shape': 'triangle', 'top_color': 'yellow', 'top_texture': False, 'bottom_shape': 'circle', 'bottom_color': 'green', 'bottom_texture': True}",0,0,3,1593721428991,1593721428991
user_1593721314541,True,4,1593721428992,"{'top_shape': 'oval', 'top_color': 'blue', 'top_texture': False, 'bottom_shape': 'star', 'bottom_color': 'yellow', 'bottom_texture': True}",1,Blue oval on yellow star,1593721434053,1593721455100,1593721455100,"{'top_shape': 'oval', 'top_color': 'blue', 'top_texture': False, 'bottom_shape': 'teardrop', 'bottom_color': 'red', 'bottom_texture': True}",0,1,5,1593721467191,1593721467191
user_1593721314541,True,5,1593721467192,"{'top_shape': 'circle', 'top_color': 'red', 'top_texture': True, 'bottom_shape': 'diamond', 'bottom_color': 'green', 'bottom_texture': True}",1,Red circle and green diamond,1593721473287,1593721489833,1593721489833,"{'top_shape': 'circle', 'top_color': 'red', 'top_texture': True, 'bottom_shape': 'teardrop', 'bottom_color': 'blue', 'bottom_texture': False}",0,0,3,1593721496971,1593721496971
user_1593721314541,True,6,1593721496971,"{'top_shape': 'star', 'top_color': 'blue', 'top_texture': False, 'bottom_shape': 'circle', 'bottom_color': 'red', 'bottom_texture': False}",0,Blue star on red circle,1593721500432,1593721510323,1593721510324,"{'top_shape': 'star', 'top_color': 'blue', 'top_texture': False, 'bottom_shape': 'star', 'bottom_color': 'yellow', 'bottom_texture': True}",1,0,3,1593721516419,1593721516419
user_1593721314541,True,7,1593721516420,"{'top_shape': 'diamond', 'top_color': 'yellow', 'top_texture': True, 'bottom_shape': 'diamond', 'bottom_color': 'blue', 'bottom_texture': False}",1,Yellow diamond on blue diamond,1593721520193,1593721533766,1593721533766,"{'top_shape': 'star', 'top_color': 'green', 'top_texture': False, 'bottom_shape': 'diamond', 'bottom_color': 'blue', 'bottom_texture': False}",1,1,3,1593721545380,1593721545380
user_1593721314541,True,8,1593721545380,"{'top_shape': 'triangle', 'top_color': 'green', 'top_texture': True, 'bottom_shape': 'oval', 'bottom_color': 'red', 'bottom_texture': True}",0,Green triangle on red oval. ,1593721548969,1593721566562,1593721566562,"{'top_shape': 'diamond', 'top_color': 'yellow', 'top_texture': False, 'bottom_shape': 'oval', 'bottom_color': 'red', 'bottom_texture': True}",0,0,3,1593721575737,1593721575737
user_1593724837752,True,1,1593724842621,"{'top_shape': 'teardrop', 'top_color': 'red', 'top_texture': True, 'bottom_shape': 'triangle', 'bottom_color': 'yellow', 'bottom_texture': False}",1,red upside down cone with a purple circle and yellow upside down triangle below,1593724844787,1593724866736,1593724866736,"{'top_shape': 'teardrop', 'top_color': 'red', 'top_texture': True, 'bottom_shape': 'diamond', 'bottom_color': 'green', 'bottom_texture': False}",1,1,5,1593724907647,1593724907647
user_1593724837752,True,2,1593724907647,"{'top_shape': 'circle', 'top_color': 'green', 'top_texture': False, 'bottom_shape': 'teardrop', 'bottom_color': 'blue', 'bottom_texture': False}",0,"green circle, blue upside down cone",1593724910027,1593724916631,1593724916631,"{'top_shape': 'circle', 'top_color': 'green', 'top_texture': False, 'bottom_shape': 'triangle', 'bottom_color': 'red', 'bottom_texture': False}",1,0,3,1593724921553,1593724921553
user_1593724837752,True,3,1593724921554,"{'top_shape': 'diamond', 'top_color': 'yellow', 'top_texture': False, 'bottom_shape': 'circle', 'bottom_color': 'green', 'bottom_texture': True}",0,"yellow diamond, green circle with a purple circle",1593724923073,1593724936692,1593724936692,"{'top_shape': 'triangle', 'top_color': 'yellow', 'top_texture': False, 'bottom_shape': 'circle', 'bottom_color': 'green', 'bottom_texture': True}",0,0,3,1593724947763,1593724947763
user_1593724837752,True,4,1593724947763,"{'top_shape': 'oval', 'top_color': 'blue', 'top_texture': False, 'bottom_shape': 'star', 'bottom_color': 'yellow', 'bottom_texture': True}",1,"blue oval, yellow star with a purple circle",1593724954970,1593724968989,1593724968989,"{'top_shape': 'oval', 'top_color': 'blue', 'top_texture': False, 'bottom_shape': 'teardrop', 'bottom_color': 'red', 'bottom_texture': True}",0,1,3,1593724972157,1593724972157
user_1593724837752,True,5,1593724972157,"{'top_shape': 'circle', 'top_color': 'red', 'top_texture': True, 'bottom_shape': 'diamond', 'bottom_color': 'green', 'bottom_texture': True}",1,"red circle, green diamond both with a purple circle",1593724974008,1593724985535,1593724985535,"{'top_shape': 'circle', 'top_color': 'red', 'top_texture': True, 'bottom_shape': 'teardrop', 'bottom_color': 'blue', 'bottom_texture': False}",0,1,3,1593724992732,1593724992732
user_1593724837752,True,6,1593724992732,"{'top_shape': 'star', 'top_color': 'blue', 'top_texture': False, 'bottom_shape': 'circle', 'bottom_color': 'red', 'bottom_texture': False}",0,blue star and a red cirlce,1593724995112,1593725003218,1593725003218,"{'top_shape': 'star', 'top_color': 'blue', 'top_texture': False, 'bottom_shape': 'star', 'bottom_color': 'yellow', 'bottom_texture': True}",1,1,3,1593725012860,1593725012860
user_1593724837752,True,7,1593725012860,"{'top_shape': 'diamond', 'top_color': 'yellow', 'top_texture': True, 'bottom_shape': 'diamond', 'bottom_color': 'blue', 'bottom_texture': False}",1,yellow diamond with a purple circle and blue diamond,1593725014980,1593725027447,1593725027447,"{'top_shape': 'star', 'top_color': 'green', 'top_texture': False, 'bottom_shape': 'diamond', 'bottom_color': 'blue', 'bottom_texture': False}",1,1,5,1593725033027,1593725033027
user_1593724837752,True,8,1593725033027,"{'top_shape': 'triangle', 'top_color': 'green', 'top_texture': True, 'bottom_shape': 'oval', 'bottom_color': 'red', 'bottom_texture': True}",0,green triangle and red oval with purple circles,1593725035095,1593725046583,1593725046583,"{'top_shape': 'diamond', 'top_color': 'yellow', 'top_texture': False, 'bottom_shape': 'oval', 'bottom_color': 'red', 'bottom_texture': True}",0,0,5,1593725095180,1593725095180
user_1593720445707,True,1,1593720468673,"{'top_shape': 'teardrop', 'top_color': 'red', 'top_texture': True, 'bottom_shape': 'triangle', 'bottom_color': 'yellow', 'bottom_texture': False}",1,"it seems as though the bulbous head hooks into the fishes mouth easily and the purple circle is some sort of ""flavor"" to attract the fish",1593720474886,1593720518212,1593720518213,"{'top_shape': 'teardrop', 'top_color': 'red', 'top_texture': True, 'bottom_shape': 'diamond', 'bottom_color': 'green', 'bottom_texture': False}",1,1,4,1593720536824,1593720536824
user_1593720445707,True,2,1593720536825,"{'top_shape': 'circle', 'top_color': 'green', 'top_texture': False, 'bottom_shape': 'teardrop', 'bottom_color': 'blue', 'bottom_texture': False}",0,the top is too circular compared to the previous one that this type of fish liked,1593720543151,1593720563461,1593720563461,"{'top_shape': 'circle', 'top_color': 'green', 'top_texture': False, 'bottom_shape': 'triangle', 'bottom_color': 'red', 'bottom_texture': False}",1,0,6,1593720572143,1593720572143
user_1593720445707,True,3,1593720572143,"{'top_shape': 'diamond', 'top_color': 'yellow', 'top_texture': False, 'bottom_shape': 'circle', 'bottom_color': 'green', 'bottom_texture': True}",0,"again, the top isn't the oblong shape as the first lure was",1593720577464,1593720592163,1593720592163,"{'top_shape': 'triangle', 'top_color': 'yellow', 'top_texture': False, 'bottom_shape': 'circle', 'bottom_color': 'green', 'bottom_texture': True}",0,0,6,1593720596613,1593720596613
user_1593720445707,True,4,1593720596613,"{'top_shape': 'oval', 'top_color': 'blue', 'top_texture': False, 'bottom_shape': 'star', 'bottom_color': 'yellow', 'bottom_texture': True}",1,this one is more similar to the original. the top is oblong ,1593720602285,1593720627424,1593720627424,"{'top_shape': 'oval', 'top_color': 'blue', 'top_texture': False, 'bottom_shape': 'teardrop', 'bottom_color': 'red', 'bottom_texture': True}",0,1,5,1593720632583,1593720632583
user_1593720445707,True,5,1593720632583,"{'top_shape': 'circle', 'top_color': 'red', 'top_texture': True, 'bottom_shape': 'diamond', 'bottom_color': 'green', 'bottom_texture': True}",1,"im assuming because this top portion has the purple circle the ""flavor"" it attracted the fish towards it ",1593720639254,1593720669346,1593720669347,"{'top_shape': 'circle', 'top_color': 'red', 'top_texture': True, 'bottom_shape': 'teardrop', 'bottom_color': 'blue', 'bottom_texture': False}",0,1,6,1593720678369,1593720678369
user_1593720445707,True,6,1593720678369,"{'top_shape': 'star', 'top_color': 'blue', 'top_texture': False, 'bottom_shape': 'circle', 'bottom_color': 'red', 'bottom_texture': False}",0,the shape is too different from the others. the angles are probably not appealing to the fish,1593720681606,1593720702574,1593720702574,"{'top_shape': 'star', 'top_color': 'blue', 'top_texture': False, 'bottom_shape': 'star', 'bottom_color': 'yellow', 'bottom_texture': True}",1,0,6,1593720710977,1593720710977
user_1593720445707,True,7,1593720710977,"{'top_shape': 'diamond', 'top_color': 'yellow', 'top_texture': True, 'bottom_shape': 'diamond', 'bottom_color': 'blue', 'bottom_texture': False}",1,"again, i think the purple circle is a key component that seems to override the shape ",1593720716356,1593720737200,1593720737200,"{'top_shape': 'star', 'top_color': 'green', 'top_texture': False, 'bottom_shape': 'diamond', 'bottom_color': 'blue', 'bottom_texture': False}",1,0,7,1593720742358,1593720742358
user_1593720445707,True,8,1593720742359,"{'top_shape': 'triangle', 'top_color': 'green', 'top_texture': True, 'bottom_shape': 'oval', 'bottom_color': 'red', 'bottom_texture': True}",0,the green triangle has the purple circle but it wasn't enough to lure the fish over. ,1593720760586,1593720785691,1593720785692,"{'top_shape': 'diamond', 'top_color': 'yellow', 'top_texture': False, 'bottom_shape': 'oval', 'bottom_color': 'red', 'bottom_texture': True}",0,0,5,1593720807855,1593720807855
user_1593966097127,True,1,1593966128262,"{'top_shape': 'teardrop', 'top_color': 'red', 'top_texture': True, 'bottom_shape': 'triangle', 'bottom_color': 'yellow', 'bottom_texture': False}",1,Droplet shaped lure with sharp tip,1593966141085,1593966174370,1593966174370,"{'top_shape': 'teardrop', 'top_color': 'red', 'top_texture': True, 'bottom_shape': 'diamond', 'bottom_color': 'green', 'bottom_texture': False}",1,1,5,1593966186510,1593966186510
user_1593966097127,True,2,1593966186510,"{'top_shape': 'circle', 'top_color': 'green', 'top_texture': False, 'bottom_shape': 'teardrop', 'bottom_color': 'blue', 'bottom_texture': False}",0,Circular base and rounded tip,1593966191903,1593966208087,1593966208087,"{'top_shape': 'circle', 'top_color': 'green', 'top_texture': False, 'bottom_shape': 'triangle', 'bottom_color': 'red', 'bottom_texture': False}",1,1,3,1593966239526,1593966239526
user_1593966097127,True,3,1593966239526,"{'top_shape': 'diamond', 'top_color': 'yellow', 'top_texture': False, 'bottom_shape': 'circle', 'bottom_color': 'green', 'bottom_texture': True}",0,sqaure base and counded rounded tip,1593966243909,1593966261383,1593966261383,"{'top_shape': 'triangle', 'top_color': 'yellow', 'top_texture': False, 'bottom_shape': 'circle', 'bottom_color': 'green', 'bottom_texture': True}",0,0,5,1593966266935,1593966266935
user_1593966097127,True,4,1593966266936,"{'top_shape': 'oval', 'top_color': 'blue', 'top_texture': False, 'bottom_shape': 'star', 'bottom_color': 'yellow', 'bottom_texture': True}",1,Oval (rounded base) and a pointed star shaped base. with dot,1593966277717,1593966302996,1593966302996,"{'top_shape': 'oval', 'top_color': 'blue', 'top_texture': False, 'bottom_shape': 'teardrop', 'bottom_color': 'red', 'bottom_texture': True}",0,0,6,1593966319205,1593966319205
user_1593966097127,True,5,1593966319206,"{'top_shape': 'circle', 'top_color': 'red', 'top_texture': True, 'bottom_shape': 'diamond', 'bottom_color': 'green', 'bottom_texture': True}",1,Rounded base and pointed corners tip. with 2 dots,1593966324500,1593966347052,1593966347052,"{'top_shape': 'circle', 'top_color': 'red', 'top_texture': True, 'bottom_shape': 'teardrop', 'bottom_color': 'blue', 'bottom_texture': False}",0,0,6,1593966354873,1593966354873
user_1593966097127,True,6,1593966354873,"{'top_shape': 'star', 'top_color': 'blue', 'top_texture': False, 'bottom_shape': 'circle', 'bottom_color': 'red', 'bottom_texture': False}",0,Pointed star base with rounded tip. No dots,1593966361852,1593966374362,1593966374362,"{'top_shape': 'star', 'top_color': 'blue', 'top_texture': False, 'bottom_shape': 'star', 'bottom_color': 'yellow', 'bottom_texture': True}",1,1,2,1593966393444,1593966393444
user_1593966097127,True,7,1593966393445,"{'top_shape': 'diamond', 'top_color': 'yellow', 'top_texture': True, 'bottom_shape': 'diamond', 'bottom_color': 'blue', 'bottom_texture': False}",1,"Square shaped base. Square shaped tip, sharp corner. With 1 dot",1593966415763,1593966435943,1593966435943,"{'top_shape': 'star', 'top_color': 'green', 'top_texture': False, 'bottom_shape': 'diamond', 'bottom_color': 'blue', 'bottom_texture': False}",1,1,5,1593966442004,1593966442004
user_1593966097127,True,8,1593966442004,"{'top_shape': 'triangle', 'top_color': 'green', 'top_texture': True, 'bottom_shape': 'oval', 'bottom_color': 'red', 'bottom_texture': True}",0,Triangular sharp cornered base and rounded oval tip. With 1 dot,1593966447572,1593966479893,1593966479894,"{'top_shape': 'diamond', 'top_color': 'yellow', 'top_texture': False, 'bottom_shape': 'oval', 'bottom_color': 'red', 'bottom_texture': True}",0,0,6,1593966486769,1593966486769
user_1593719505167,True,1,1593719601760,"{'top_shape': 'teardrop', 'top_color': 'red', 'top_texture': True, 'bottom_shape': 'triangle', 'bottom_color': 'yellow', 'bottom_texture': False}",1,red teardrop purple dot yellow triangle,1593719609472,1593719621119,1593719621119,"{'top_shape': 'teardrop', 'top_color': 'red', 'top_texture': True, 'bottom_shape': 'diamond', 'bottom_color': 'green', 'bottom_texture': False}",1,0,6,1593719629215,1593719629215
user_1593719505167,True,2,1593719629215,"{'top_shape': 'circle', 'top_color': 'green', 'top_texture': False, 'bottom_shape': 'teardrop', 'bottom_color': 'blue', 'bottom_texture': False}",0,green circle blue teardrop,1593719641502,1593719653801,1593719653801,"{'top_shape': 'circle', 'top_color': 'green', 'top_texture': False, 'bottom_shape': 'triangle', 'bottom_color': 'red', 'bottom_texture': False}",1,0,6,1593719658265,1593719658265
user_1593719505167,True,3,1593719658265,"{'top_shape': 'diamond', 'top_color': 'yellow', 'top_texture': False, 'bottom_shape': 'circle', 'bottom_color': 'green', 'bottom_texture': True}",0,yellow diamond green circle purple dot,1593719663750,1593719676033,1593719676033,"{'top_shape': 'triangle', 'top_color': 'yellow', 'top_texture': False, 'bottom_shape': 'circle', 'bottom_color': 'green', 'bottom_texture': True}",0,0,6,1593719687941,1593719687941
user_1593719505167,True,4,1593719687941,"{'top_shape': 'oval', 'top_color': 'blue', 'top_texture': False, 'bottom_shape': 'star', 'bottom_color': 'yellow', 'bottom_texture': True}",1,blue oval yellow shine purple dot,1593719694732,1593719706097,1593719706098,"{'top_shape': 'oval', 'top_color': 'blue', 'top_texture': False, 'bottom_shape': 'teardrop', 'bottom_color': 'red', 'bottom_texture': True}",0,0,6,1593719710920,1593719710920
user_1593719505167,True,5,1593719710920,"{'top_shape': 'circle', 'top_color': 'red', 'top_texture': True, 'bottom_shape': 'diamond', 'bottom_color': 'green', 'bottom_texture': True}",1,red circle purple dot green diamond purple dot,1593719714007,1593719724539,1593719724540,"{'top_shape': 'circle', 'top_color': 'red', 'top_texture': True, 'bottom_shape': 'teardrop', 'bottom_color': 'blue', 'bottom_texture': False}",0,0,6,1593719730951,1593719730951
user_1593719505167,True,6,1593719730951,"{'top_shape': 'star', 'top_color': 'blue', 'top_texture': False, 'bottom_shape': 'circle', 'bottom_color': 'red', 'bottom_texture': False}",0,blue shine red circle,1593719734392,1593719740161,1593719740161,"{'top_shape': 'star', 'top_color': 'blue', 'top_texture': False, 'bottom_shape': 'star', 'bottom_color': 'yellow', 'bottom_texture': True}",1,0,6,1593719745260,1593719745260
user_1593719505167,True,7,1593719745260,"{'top_shape': 'diamond', 'top_color': 'yellow', 'top_texture': True, 'bottom_shape': 'diamond', 'bottom_color': 'blue', 'bottom_texture': False}",1,yellow diamond purple dot blue diamond,1593719748775,1593719760436,1593719760436,"{'top_shape': 'star', 'top_color': 'green', 'top_texture': False, 'bottom_shape': 'diamond', 'bottom_color': 'blue', 'bottom_texture': False}",1,0,6,1593719766450,1593719766450
user_1593719505167,True,8,1593719766451,"{'top_shape': 'triangle', 'top_color': 'green', 'top_texture': True, 'bottom_shape': 'oval', 'bottom_color': 'red', 'bottom_texture': True}",0,green triangle purple dot red oval purple dot,1593719775143,1593719783801,1593719783801,"{'top_shape': 'diamond', 'top_color': 'yellow', 'top_texture': False, 'bottom_shape': 'oval', 'bottom_color': 'red', 'bottom_texture': True}",0,0,6,1593719790453,1593719790453
user_1593720709026,False,1,1593720764382,"{'top_shape': 'teardrop', 'top_color': 'red', 'top_texture': True, 'bottom_shape': 'triangle', 'bottom_color': 'yellow', 'bottom_texture': False}",1,the vibrant colors may have caught the attention of the fish ,1593720772426,1593720808819,1593720808819,"{'top_shape': 'teardrop', 'top_color': 'red', 'top_texture': True, 'bottom_shape': 'diamond', 'bottom_color': 'green', 'bottom_texture': False}",1,1,4,1593720834203,1593720834203
user_1593720709026,False,2,1593720834203,"{'top_shape': 'circle', 'top_color': 'green', 'top_texture': False, 'bottom_shape': 'teardrop', 'bottom_color': 'blue', 'bottom_texture': False}",0,"the colors may have been too dull, maybe it was too simple to catch their attention",1593720842948,1593720876738,1593720876738,"{'top_shape': 'circle', 'top_color': 'green', 'top_texture': False, 'bottom_shape': 'triangle', 'bottom_color': 'red', 'bottom_texture': False}",1,0,4,1593720887858,1593720887858
user_1593720709026,False,3,1593720887858,"{'top_shape': 'diamond', 'top_color': 'yellow', 'top_texture': False, 'bottom_shape': 'circle', 'bottom_color': 'green', 'bottom_texture': True}",0,maybe it was too pointy and didnt look appealing but more dangerous,1593720901200,1593720922306,1593720922306,"{'top_shape': 'triangle', 'top_color': 'yellow', 'top_texture': False, 'bottom_shape': 'circle', 'bottom_color': 'green', 'bottom_texture': True}",0,0,4,1593720927878,1593720927878
user_1593720709026,False,4,1593720927878,"{'top_shape': 'oval', 'top_color': 'blue', 'top_texture': False, 'bottom_shape': 'star', 'bottom_color': 'yellow', 'bottom_texture': True}",1,maybe it looked similar to a smaller fish that it already likes to eat ,1593720936853,1593721019576,1593721019576,"{'top_shape': 'oval', 'top_color': 'blue', 'top_texture': False, 'bottom_shape': 'teardrop', 'bottom_color': 'red', 'bottom_texture': True}",0,1,4,1593721027241,1593721027241
user_1593720709026,False,5,1593721027241,"{'top_shape': 'circle', 'top_color': 'red', 'top_texture': True, 'bottom_shape': 'diamond', 'bottom_color': 'green', 'bottom_texture': True}",1,idk ):,1593721031839,1593721099378,1593721099378,"{'top_shape': 'circle', 'top_color': 'red', 'top_texture': True, 'bottom_shape': 'teardrop', 'bottom_color': 'blue', 'bottom_texture': False}",0,0,4,1593721108338,1593721108338
user_1593720709026,False,6,1593721108338,"{'top_shape': 'star', 'top_color': 'blue', 'top_texture': False, 'bottom_shape': 'circle', 'bottom_color': 'red', 'bottom_texture': False}",0,too pointy?,1593721112856,1593721121520,1593721121520,"{'top_shape': 'star', 'top_color': 'blue', 'top_texture': False, 'bottom_shape': 'star', 'bottom_color': 'yellow', 'bottom_texture': True}",1,0,4,1593721127794,1593721127794
user_1593720709026,False,7,1593721127794,"{'top_shape': 'diamond', 'top_color': 'yellow', 'top_texture': True, 'bottom_shape': 'diamond', 'bottom_color': 'blue', 'bottom_texture': False}",1,idk ):,1593721131653,1593721174945,1593721174945,"{'top_shape': 'star', 'top_color': 'green', 'top_texture': False, 'bottom_shape': 'diamond', 'bottom_color': 'blue', 'bottom_texture': False}",1,0,4,1593721181383,1593721181383
user_1593720709026,False,8,1593721181383,"{'top_shape': 'triangle', 'top_color': 'green', 'top_texture': True, 'bottom_shape': 'oval', 'bottom_color': 'red', 'bottom_texture': True}",0,too pointy?,1593721184419,1593721190732,1593721190732,"{'top_shape': 'diamond', 'top_color': 'yellow', 'top_texture': False, 'bottom_shape': 'oval', 'bottom_color': 'red', 'bottom_texture': True}",0,0,4,1593721197779,1593721197779
user_1594011396451,False,1,1594011426745,"{'top_shape': 'teardrop', 'top_color': 'red', 'top_texture': True, 'bottom_shape': 'triangle', 'bottom_color': 'yellow', 'bottom_texture': False}",1,Combination of 3 items,1594011434691,1594011451929,1594011451930,"{'top_shape': 'teardrop', 'top_color': 'red', 'top_texture': True, 'bottom_shape': 'diamond', 'bottom_color': 'green', 'bottom_texture': False}",1,1,5,1594011461784,1594011461784
user_1594011396451,False,2,1594011461784,"{'top_shape': 'circle', 'top_color': 'green', 'top_texture': False, 'bottom_shape': 'teardrop', 'bottom_color': 'blue', 'bottom_texture': False}",0,"There are only two shapes, I think there needs to be 3 to be successful.",1594011465434,1594011491511,1594011491512,"{'top_shape': 'circle', 'top_color': 'green', 'top_texture': False, 'bottom_shape': 'triangle', 'bottom_color': 'red', 'bottom_texture': False}",1,0,5,1594011500387,1594011500387
user_1594011396451,False,3,1594011500387,"{'top_shape': 'diamond', 'top_color': 'yellow', 'top_texture': False, 'bottom_shape': 'circle', 'bottom_color': 'green', 'bottom_texture': True}",0,"It has 3 shapes like my initial hypothesis, but maybe now there is also a color requirement?",1594011505085,1594011546299,1594011546300,"{'top_shape': 'triangle', 'top_color': 'yellow', 'top_texture': False, 'bottom_shape': 'circle', 'bottom_color': 'green', 'bottom_texture': True}",0,0,6,1594011552941,1594011552941
user_1594011396451,False,4,1594011552942,"{'top_shape': 'oval', 'top_color': 'blue', 'top_texture': False, 'bottom_shape': 'star', 'bottom_color': 'yellow', 'bottom_texture': True}",1,There are 3 shapes and possibly there needs to be a yellow and a purple? And maybe a pointed tip? ,1594011563680,1594011600429,1594011600429,"{'top_shape': 'oval', 'top_color': 'blue', 'top_texture': False, 'bottom_shape': 'teardrop', 'bottom_color': 'red', 'bottom_texture': True}",0,0,6,1594011606070,1594011606070
user_1594011396451,False,5,1594011606071,"{'top_shape': 'circle', 'top_color': 'red', 'top_texture': True, 'bottom_shape': 'diamond', 'bottom_color': 'green', 'bottom_texture': True}",1,I think there definitely has to be a pointed tip at the bottom. There are more than 3 shapes and 2 of the original colors from the first lure... so maybe there needs to be 3+ shapes and 2+ of the similar color and a pointed tip? ,1594011609893,1594011666532,1594011666533,"{'top_shape': 'circle', 'top_color': 'red', 'top_texture': True, 'bottom_shape': 'teardrop', 'bottom_color': 'blue', 'bottom_texture': False}",0,0,7,1594011671899,1594011671899
user_1594011396451,False,6,1594011671899,"{'top_shape': 'star', 'top_color': 'blue', 'top_texture': False, 'bottom_shape': 'circle', 'bottom_color': 'red', 'bottom_texture': False}",0,It didn't catch a fish since there's only 2 shapes and a rounded tip. ,1594011674923,1594011698739,1594011698739,"{'top_shape': 'star', 'top_color': 'blue', 'top_texture': False, 'bottom_shape': 'star', 'bottom_color': 'yellow', 'bottom_texture': True}",1,1,6,1594011704664,1594011704664
user_1594011396451,False,7,1594011704664,"{'top_shape': 'diamond', 'top_color': 'yellow', 'top_texture': True, 'bottom_shape': 'diamond', 'bottom_color': 'blue', 'bottom_texture': False}",1,Pointed tip and possibly 2 of the same colors of lure 1... need to see more to see if color has any effect.,1594011707911,1594011735839,1594011735840,"{'top_shape': 'star', 'top_color': 'green', 'top_texture': False, 'bottom_shape': 'diamond', 'bottom_color': 'blue', 'bottom_texture': False}",1,0,4,1594011757321,1594011757321
user_1594011396451,False,8,1594011757321,"{'top_shape': 'triangle', 'top_color': 'green', 'top_texture': True, 'bottom_shape': 'oval', 'bottom_color': 'red', 'bottom_texture': True}",0,Rounded tip,1594011761008,1594011768309,1594011768309,"{'top_shape': 'diamond', 'top_color': 'yellow', 'top_texture': False, 'bottom_shape': 'oval', 'bottom_color': 'red', 'bottom_texture': True}",0,0,7,1594011772856,1594011772856
user_1593724431363,True,1,1593724469689,"{'top_shape': 'teardrop', 'top_color': 'red', 'top_texture': True, 'bottom_shape': 'triangle', 'bottom_color': 'yellow', 'bottom_texture': False}",1,"Teardrop shape with a circle resembling that of an eye, and a discreet arrow toward the bottom.",1593724476691,1593724530022,1593724530022,"{'top_shape': 'teardrop', 'top_color': 'red', 'top_texture': True, 'bottom_shape': 'diamond', 'bottom_color': 'green', 'bottom_texture': False}",1,1,4,1593724543778,1593724543778
user_1593724431363,True,2,1593724543778,"{'top_shape': 'circle', 'top_color': 'green', 'top_texture': False, 'bottom_shape': 'teardrop', 'bottom_color': 'blue', 'bottom_texture': False}",0,A circular object with a teardrop shape below it.,1593724555334,1593724581568,1593724581568,"{'top_shape': 'circle', 'top_color': 'green', 'top_texture': False, 'bottom_shape': 'triangle', 'bottom_color': 'red', 'bottom_texture': False}",1,1,5,1593724591265,1593724591265
user_1593724431363,True,3,1593724591265,"{'top_shape': 'diamond', 'top_color': 'yellow', 'top_texture': False, 'bottom_shape': 'circle', 'bottom_color': 'green', 'bottom_texture': True}",0,A diamond shape with a circular object below it and a small circular object within that circle.,1593724601781,1593724634263,1593724634263,"{'top_shape': 'triangle', 'top_color': 'yellow', 'top_texture': False, 'bottom_shape': 'circle', 'bottom_color': 'green', 'bottom_texture': True}",0,0,5,1593724639955,1593724639955
user_1593724431363,True,4,1593724639955,"{'top_shape': 'oval', 'top_color': 'blue', 'top_texture': False, 'bottom_shape': 'star', 'bottom_color': 'yellow', 'bottom_texture': True}",1,An oval object with a four-sided star attached to the bottom and a small circle within the star.,1593724647005,1593724681549,1593724681550,"{'top_shape': 'oval', 'top_color': 'blue', 'top_texture': False, 'bottom_shape': 'teardrop', 'bottom_color': 'red', 'bottom_texture': True}",0,0,5,1593724687765,1593724687765
user_1593724431363,True,5,1593724687765,"{'top_shape': 'circle', 'top_color': 'red', 'top_texture': True, 'bottom_shape': 'diamond', 'bottom_color': 'green', 'bottom_texture': True}",1,"A circular object with a smaller circle on it, and below that, a diamond object with a smaller circle in it.",1593724693634,1593724749680,1593724749680,"{'top_shape': 'circle', 'top_color': 'red', 'top_texture': True, 'bottom_shape': 'teardrop', 'bottom_color': 'blue', 'bottom_texture': False}",0,0,6,1593724754955,1593724754955
user_1593724431363,True,6,1593724754955,"{'top_shape': 'star', 'top_color': 'blue', 'top_texture': False, 'bottom_shape': 'circle', 'bottom_color': 'red', 'bottom_texture': False}",0,"A four-sided star object with a small circular object attached to the bottom of it.
",1593724757754,1593724785090,1593724785090,"{'top_shape': 'star', 'top_color': 'blue', 'top_texture': False, 'bottom_shape': 'star', 'bottom_color': 'yellow', 'bottom_texture': True}",1,0,6,1593724792060,1593724792060
user_1593724431363,True,7,1593724792061,"{'top_shape': 'diamond', 'top_color': 'yellow', 'top_texture': True, 'bottom_shape': 'diamond', 'bottom_color': 'blue', 'bottom_texture': False}",1,"A larger diamond with a small circle on it, and below the diamond, another smaller diamond.",1593724799247,1593724827375,1593724827375,"{'top_shape': 'star', 'top_color': 'green', 'top_texture': False, 'bottom_shape': 'diamond', 'bottom_color': 'blue', 'bottom_texture': False}",1,1,3,1593724846606,1593724846606
user_1593724431363,True,8,1593724846607,"{'top_shape': 'triangle', 'top_color': 'green', 'top_texture': True, 'bottom_shape': 'oval', 'bottom_color': 'red', 'bottom_texture': True}",0,A triangle with a smaller circle on it and attached to the bottom of the triangle is a small oval with a smaller circle on it.,1593724849722,1593724887551,1593724887552,"{'top_shape': 'diamond', 'top_color': 'yellow', 'top_texture': False, 'bottom_shape': 'oval', 'bottom_color': 'red', 'bottom_texture': True}",0,0,6,1593724895276,1593724895276
user_1593937911109,False,1,1593937961140,"{'top_shape': 'teardrop', 'top_color': 'red', 'top_texture': True, 'bottom_shape': 'triangle', 'bottom_color': 'yellow', 'bottom_texture': False}",1,This lure combination contains something attractive to the fish or something that grabs the attention of the fish.,1593937974793,1593938031909,1593938031910,"{'top_shape': 'teardrop', 'top_color': 'red', 'top_texture': True, 'bottom_shape': 'diamond', 'bottom_color': 'green', 'bottom_texture': False}",1,1,7,1593938041169,1593938041169
user_1593937911109,False,2,1593938041169,"{'top_shape': 'circle', 'top_color': 'green', 'top_texture': False, 'bottom_shape': 'teardrop', 'bottom_color': 'blue', 'bottom_texture': False}",0,The lure combination may be seen as a danger for the fish.,1593938051228,1593938089512,1593938089512,"{'top_shape': 'circle', 'top_color': 'green', 'top_texture': False, 'bottom_shape': 'triangle', 'bottom_color': 'red', 'bottom_texture': False}",1,0,7,1593938095022,1593938095022
user_1593937911109,False,3,1593938095023,"{'top_shape': 'diamond', 'top_color': 'yellow', 'top_texture': False, 'bottom_shape': 'circle', 'bottom_color': 'green', 'bottom_texture': True}",0,This lure combination has green color ball as in common with the previous lure combination before this. The fish may not be attractive towards the green color.,1593938102024,1593938194787,1593938194788,"{'top_shape': 'triangle', 'top_color': 'yellow', 'top_texture': False, 'bottom_shape': 'circle', 'bottom_color': 'green', 'bottom_texture': True}",0,0,7,1593938202802,1593938202802
user_1593937911109,False,4,1593938202802,"{'top_shape': 'oval', 'top_color': 'blue', 'top_texture': False, 'bottom_shape': 'star', 'bottom_color': 'yellow', 'bottom_texture': True}",1,This lure combination has yellow colored piece in place in the bottom as the first lure combination. The fish may be attractive towards the yellow piece in the bottom.,1593938213332,1593938285164,1593938285165,"{'top_shape': 'oval', 'top_color': 'blue', 'top_texture': False, 'bottom_shape': 'teardrop', 'bottom_color': 'red', 'bottom_texture': True}",0,0,3,1593938302190,1593938302190
user_1593937911109,False,5,1593938302191,"{'top_shape': 'circle', 'top_color': 'red', 'top_texture': True, 'bottom_shape': 'diamond', 'bottom_color': 'green', 'bottom_texture': True}",1,The size of the red and purple pieces overtake the green and purple pieces and the fish may like the red and purple combination. ,1593938319740,1593938386448,1593938386448,"{'top_shape': 'circle', 'top_color': 'red', 'top_texture': True, 'bottom_shape': 'teardrop', 'bottom_color': 'blue', 'bottom_texture': False}",0,0,3,1593938407036,1593938407036
user_1593937911109,False,6,1593938407036,"{'top_shape': 'star', 'top_color': 'blue', 'top_texture': False, 'bottom_shape': 'circle', 'bottom_color': 'red', 'bottom_texture': False}",0,It doesn't contain purple dot which may be attractive for the fish.,1593938414760,1593938507987,1593938507988,"{'top_shape': 'star', 'top_color': 'blue', 'top_texture': False, 'bottom_shape': 'star', 'bottom_color': 'yellow', 'bottom_texture': True}",1,0,5,1593938516232,1593938516232
user_1593937911109,False,7,1593938516232,"{'top_shape': 'diamond', 'top_color': 'yellow', 'top_texture': True, 'bottom_shape': 'diamond', 'bottom_color': 'blue', 'bottom_texture': False}",1,It contains the purple dot which is to the liking of the fish.,1593938520376,1593938568173,1593938568173,"{'top_shape': 'star', 'top_color': 'green', 'top_texture': False, 'bottom_shape': 'diamond', 'bottom_color': 'blue', 'bottom_texture': False}",1,0,6,1593938580036,1593938580036
user_1593937911109,False,8,1593938580038,"{'top_shape': 'triangle', 'top_color': 'green', 'top_texture': True, 'bottom_shape': 'oval', 'bottom_color': 'red', 'bottom_texture': True}",0,The green inverted triangle is larger than the red even though they both contain purple dots that are different in sizes.,1593938583678,1593938619869,1593938619869,"{'top_shape': 'diamond', 'top_color': 'yellow', 'top_texture': False, 'bottom_shape': 'oval', 'bottom_color': 'red', 'bottom_texture': True}",0,0,7,1593938625636,1593938625636
user_1593905484047,True,1,1593905515288,"{'top_shape': 'teardrop', 'top_color': 'red', 'top_texture': True, 'bottom_shape': 'triangle', 'bottom_color': 'yellow', 'bottom_texture': False}",1,The lure combination looks like an ice-cream cone with red ice-cream and a singular purple sprinkle. ,1593905526445,1593905552810,1593905552810,"{'top_shape': 'teardrop', 'top_color': 'red', 'top_texture': True, 'bottom_shape': 'diamond', 'bottom_color': 'green', 'bottom_texture': False}",1,0,3,1593905567353,1593905567353
user_1593905484047,True,2,1593905567353,"{'top_shape': 'circle', 'top_color': 'green', 'top_texture': False, 'bottom_shape': 'teardrop', 'bottom_color': 'blue', 'bottom_texture': False}",0,A green dot with a teardrop below it. ,1593905577665,1593905591211,1593905591211,"{'top_shape': 'circle', 'top_color': 'green', 'top_texture': False, 'bottom_shape': 'triangle', 'bottom_color': 'red', 'bottom_texture': False}",1,1,5,1593905597324,1593905597324
user_1593905484047,True,3,1593905597325,"{'top_shape': 'diamond', 'top_color': 'yellow', 'top_texture': False, 'bottom_shape': 'circle', 'bottom_color': 'green', 'bottom_texture': True}",0,This particular lure combination looks like a block of cheese with an olive directly below it. ,1593905601048,1593905620538,1593905620538,"{'top_shape': 'triangle', 'top_color': 'yellow', 'top_texture': False, 'bottom_shape': 'circle', 'bottom_color': 'green', 'bottom_texture': True}",0,1,5,1593905631028,1593905631028
user_1593905484047,True,4,1593905631028,"{'top_shape': 'oval', 'top_color': 'blue', 'top_texture': False, 'bottom_shape': 'star', 'bottom_color': 'yellow', 'bottom_texture': True}",1,A blue pill above a star with a red birth mark. ,1593905637832,1593905650511,1593905650511,"{'top_shape': 'oval', 'top_color': 'blue', 'top_texture': False, 'bottom_shape': 'teardrop', 'bottom_color': 'red', 'bottom_texture': True}",0,1,6,1593905661135,1593905661135
user_1593905484047,True,5,1593905661135,"{'top_shape': 'circle', 'top_color': 'red', 'top_texture': True, 'bottom_shape': 'diamond', 'bottom_color': 'green', 'bottom_texture': True}",1,An eyeball of something that smoked weed with amethyst contact lenses on directly above molded cheese with a little blood in it. ,1593905672192,1593905700296,1593905700297,"{'top_shape': 'circle', 'top_color': 'red', 'top_texture': True, 'bottom_shape': 'teardrop', 'bottom_color': 'blue', 'bottom_texture': False}",0,1,5,1593905707174,1593905707174
user_1593905484047,True,6,1593905707174,"{'top_shape': 'star', 'top_color': 'blue', 'top_texture': False, 'bottom_shape': 'circle', 'bottom_color': 'red', 'bottom_texture': False}",0,A blue start above a drop of blood. ,1593905709939,1593905720393,1593905720393,"{'top_shape': 'star', 'top_color': 'blue', 'top_texture': False, 'bottom_shape': 'star', 'bottom_color': 'yellow', 'bottom_texture': True}",1,1,6,1593905729163,1593905729163
user_1593905484047,True,7,1593905729163,"{'top_shape': 'diamond', 'top_color': 'yellow', 'top_texture': True, 'bottom_shape': 'diamond', 'bottom_color': 'blue', 'bottom_texture': False}",1,A yellow block of cheese with purple contact stuck to it above a piece of blue cheese. ,1593905734427,1593905752352,1593905752352,"{'top_shape': 'star', 'top_color': 'green', 'top_texture': False, 'bottom_shape': 'diamond', 'bottom_color': 'blue', 'bottom_texture': False}",1,1,3,1593905761643,1593905761643
user_1593905484047,True,8,1593905761644,"{'top_shape': 'triangle', 'top_color': 'green', 'top_texture': True, 'bottom_shape': 'oval', 'bottom_color': 'red', 'bottom_texture': True}",0,Molded piece of pizza above mr. crab's high eye. ,1593905764176,1593905779769,1593905779769,"{'top_shape': 'diamond', 'top_color': 'yellow', 'top_texture': False, 'bottom_shape': 'oval', 'bottom_color': 'red', 'bottom_texture': True}",0,1,5,1593905790874,1593905790874
user_1593719878330,False,1,1593719897301,"{'top_shape': 'teardrop', 'top_color': 'red', 'top_texture': True, 'bottom_shape': 'triangle', 'bottom_color': 'yellow', 'bottom_texture': False}",1,Purple dot might look like the eye of the fish's prey.,1593719904607,1593719936450,1593719936450,"{'top_shape': 'teardrop', 'top_color': 'red', 'top_texture': True, 'bottom_shape': 'diamond', 'bottom_color': 'green', 'bottom_texture': False}",1,1,2,1593719946912,1593719946912
user_1593719878330,False,2,1593719946912,"{'top_shape': 'circle', 'top_color': 'green', 'top_texture': False, 'bottom_shape': 'teardrop', 'bottom_color': 'blue', 'bottom_texture': False}",0,Does not resemble prey,1593719949752,1593719964864,1593719964865,"{'top_shape': 'circle', 'top_color': 'green', 'top_texture': False, 'bottom_shape': 'triangle', 'bottom_color': 'red', 'bottom_texture': False}",1,0,5,1593719972017,1593719972017
user_1593719878330,False,3,1593719972017,"{'top_shape': 'diamond', 'top_color': 'yellow', 'top_texture': False, 'bottom_shape': 'circle', 'bottom_color': 'green', 'bottom_texture': True}",0,Shape does not in any way resemble a fish's shape,1593719973433,1593719990001,1593719990001,"{'top_shape': 'triangle', 'top_color': 'yellow', 'top_texture': False, 'bottom_shape': 'circle', 'bottom_color': 'green', 'bottom_texture': True}",0,1,4,1593719998970,1593719998970
user_1593719878330,False,4,1593719998970,"{'top_shape': 'oval', 'top_color': 'blue', 'top_texture': False, 'bottom_shape': 'star', 'bottom_color': 'yellow', 'bottom_texture': True}",1,Resembles a fish's shape,1593720000254,1593720008499,1593720008499,"{'top_shape': 'oval', 'top_color': 'blue', 'top_texture': False, 'bottom_shape': 'teardrop', 'bottom_color': 'red', 'bottom_texture': True}",0,1,6,1593720018475,1593720018475
user_1593719878330,False,5,1593720018475,"{'top_shape': 'circle', 'top_color': 'red', 'top_texture': True, 'bottom_shape': 'diamond', 'bottom_color': 'green', 'bottom_texture': True}",1,"Resembles fish shape and color, with a possible eye",1593720021866,1593720034754,1593720034754,"{'top_shape': 'circle', 'top_color': 'red', 'top_texture': True, 'bottom_shape': 'teardrop', 'bottom_color': 'blue', 'bottom_texture': False}",0,1,5,1593720039027,1593720039027
user_1593719878330,False,6,1593720039027,"{'top_shape': 'star', 'top_color': 'blue', 'top_texture': False, 'bottom_shape': 'circle', 'bottom_color': 'red', 'bottom_texture': False}",0,Does not resemble fish shape,1593720040993,1593720052411,1593720052411,"{'top_shape': 'star', 'top_color': 'blue', 'top_texture': False, 'bottom_shape': 'star', 'bottom_color': 'yellow', 'bottom_texture': True}",1,0,7,1593720057755,1593720057755
user_1593719878330,False,7,1593720057755,"{'top_shape': 'diamond', 'top_color': 'yellow', 'top_texture': True, 'bottom_shape': 'diamond', 'bottom_color': 'blue', 'bottom_texture': False}",1,Dot placed to look like an eye,1593720060675,1593720075915,1593720075915,"{'top_shape': 'star', 'top_color': 'green', 'top_texture': False, 'bottom_shape': 'diamond', 'bottom_color': 'blue', 'bottom_texture': False}",1,0,7,1593720080544,1593720080544
user_1593719878330,False,8,1593720080545,"{'top_shape': 'triangle', 'top_color': 'green', 'top_texture': True, 'bottom_shape': 'oval', 'bottom_color': 'red', 'bottom_texture': True}",0,Does not resemble fish shape,1593720082612,1593720091820,1593720091820,"{'top_shape': 'diamond', 'top_color': 'yellow', 'top_texture': False, 'bottom_shape': 'oval', 'bottom_color': 'red', 'bottom_texture': True}",0,1,5,1593720100221,1593720100221
user_1593990658345,True,1,1593990723878,"{'top_shape': 'teardrop', 'top_color': 'red', 'top_texture': True, 'bottom_shape': 'triangle', 'bottom_color': 'yellow', 'bottom_texture': False}",1,"A red droplet, with a purple dot on its left side. Below the red droplet, there is a inverted yellow triangle.",1593990740645,1593990832291,1593990832292,"{'top_shape': 'teardrop', 'top_color': 'red', 'top_texture': True, 'bottom_shape': 'diamond', 'bottom_color': 'green', 'bottom_texture': False}",1,0,4,1593990854830,1593990854830
user_1593990658345,True,2,1593990854830,"{'top_shape': 'circle', 'top_color': 'green', 'top_texture': False, 'bottom_shape': 'teardrop', 'bottom_color': 'blue', 'bottom_texture': False}",0,A green big circle and its below has a middle blue droplet.,1593990871119,1593990914300,1593990914301,"{'top_shape': 'circle', 'top_color': 'green', 'top_texture': False, 'bottom_shape': 'triangle', 'bottom_color': 'red', 'bottom_texture': False}",1,0,5,1593990922404,1593990922404
user_1593990658345,True,3,1593990922405,"{'top_shape': 'diamond', 'top_color': 'yellow', 'top_texture': False, 'bottom_shape': 'circle', 'bottom_color': 'green', 'bottom_texture': True}",0,"A yellow diamond, with a middle green circle below it. There is a red dot placed in the right down side of the middle circle.",1593990931805,1593991017607,1593991017607,"{'top_shape': 'triangle', 'top_color': 'yellow', 'top_texture': False, 'bottom_shape': 'circle', 'bottom_color': 'green', 'bottom_texture': True}",0,0,5,1593991023651,1593991023651
user_1593990658345,True,4,1593991023652,"{'top_shape': 'oval', 'top_color': 'blue', 'top_texture': False, 'bottom_shape': 'star', 'bottom_color': 'yellow', 'bottom_texture': True}",1,A big blue ellipse with a middle yellow star below it. There is a red dot inside the star.,1593991031152,1593991115981,1593991115981,"{'top_shape': 'oval', 'top_color': 'blue', 'top_texture': False, 'bottom_shape': 'teardrop', 'bottom_color': 'red', 'bottom_texture': True}",0,1,5,1593991121039,1593991121039
user_1593990658345,True,5,1593991121039,"{'top_shape': 'circle', 'top_color': 'red', 'top_texture': True, 'bottom_shape': 'diamond', 'bottom_color': 'green', 'bottom_texture': True}",1,"A red big circle with a purple middle dot inside. Below the red circle, there is a green diamond with a small red dot inside.",1593991133808,1593991189108,1593991189109,"{'top_shape': 'circle', 'top_color': 'red', 'top_texture': True, 'bottom_shape': 'teardrop', 'bottom_color': 'blue', 'bottom_texture': False}",0,1,5,1593991196953,1593991196953
user_1593990658345,True,6,1593991196953,"{'top_shape': 'star', 'top_color': 'blue', 'top_texture': False, 'bottom_shape': 'circle', 'bottom_color': 'red', 'bottom_texture': False}",0,A big blue star with a middle red circle below it.,1593991203625,1593991238494,1593991238494,"{'top_shape': 'star', 'top_color': 'blue', 'top_texture': False, 'bottom_shape': 'star', 'bottom_color': 'yellow', 'bottom_texture': True}",1,0,5,1593991244830,1593991244830
user_1593990658345,True,7,1593991244830,"{'top_shape': 'diamond', 'top_color': 'yellow', 'top_texture': True, 'bottom_shape': 'diamond', 'bottom_color': 'blue', 'bottom_texture': False}",1,A big yellow diamond with a purple dot inside. There is a blue middle diamond below the yellow diamond.,1593991255646,1593991399363,1593991399363,"{'top_shape': 'star', 'top_color': 'green', 'top_texture': False, 'bottom_shape': 'diamond', 'bottom_color': 'blue', 'bottom_texture': False}",1,0,5,1593991422903,1593991422903
user_1593990658345,True,8,1593991422903,"{'top_shape': 'triangle', 'top_color': 'green', 'top_texture': True, 'bottom_shape': 'oval', 'bottom_color': 'red', 'bottom_texture': True}",0,A big green inverted triangle with a purple dot inside it. There is a red ellipse below the green triangle and a purple dot inside the ellipse.,1593991426279,1593991484697,1593991484697,"{'top_shape': 'diamond', 'top_color': 'yellow', 'top_texture': False, 'bottom_shape': 'oval', 'bottom_color': 'red', 'bottom_texture': True}",0,1,5,1593991533339,1593991533339
user_1594011271068,False,1,1594011307270,"{'top_shape': 'teardrop', 'top_color': 'red', 'top_texture': True, 'bottom_shape': 'triangle', 'bottom_color': 'yellow', 'bottom_texture': False}",1,THE PICTURE IN THE BOX IS NOT CLEARLY ILLUSTRATED ,1594011324924,1594011379508,1594011379509,"{'top_shape': 'teardrop', 'top_color': 'red', 'top_texture': True, 'bottom_shape': 'diamond', 'bottom_color': 'green', 'bottom_texture': False}",1,1,3,1594011417551,1594011417551
user_1594011271068,False,2,1594011417551,"{'top_shape': 'circle', 'top_color': 'green', 'top_texture': False, 'bottom_shape': 'teardrop', 'bottom_color': 'blue', 'bottom_texture': False}",0,SHE WOULDNT,1594011422009,1594011434011,1594011434011,"{'top_shape': 'circle', 'top_color': 'green', 'top_texture': False, 'bottom_shape': 'triangle', 'bottom_color': 'red', 'bottom_texture': False}",1,0,4,1594011447195,1594011447195
user_1594011271068,False,3,1594011447195,"{'top_shape': 'diamond', 'top_color': 'yellow', 'top_texture': False, 'bottom_shape': 'circle', 'bottom_color': 'green', 'bottom_texture': True}",0,NOT SURE,1594011450722,1594011458442,1594011458442,"{'top_shape': 'triangle', 'top_color': 'yellow', 'top_texture': False, 'bottom_shape': 'circle', 'bottom_color': 'green', 'bottom_texture': True}",0,0,4,1594011467389,1594011467389
user_1594011271068,False,4,1594011467389,"{'top_shape': 'oval', 'top_color': 'blue', 'top_texture': False, 'bottom_shape': 'star', 'bottom_color': 'yellow', 'bottom_texture': True}",1,NO IDEA,1594011470975,1594011478320,1594011478321,"{'top_shape': 'oval', 'top_color': 'blue', 'top_texture': False, 'bottom_shape': 'teardrop', 'bottom_color': 'red', 'bottom_texture': True}",0,0,4,1594011483499,1594011483499
user_1594011271068,False,5,1594011483499,"{'top_shape': 'circle', 'top_color': 'red', 'top_texture': True, 'bottom_shape': 'diamond', 'bottom_color': 'green', 'bottom_texture': True}",1,NO IDEA,1594011485715,1594011492933,1594011492933,"{'top_shape': 'circle', 'top_color': 'red', 'top_texture': True, 'bottom_shape': 'teardrop', 'bottom_color': 'blue', 'bottom_texture': False}",0,0,4,1594011498676,1594011498676
user_1594011271068,False,6,1594011498676,"{'top_shape': 'star', 'top_color': 'blue', 'top_texture': False, 'bottom_shape': 'circle', 'bottom_color': 'red', 'bottom_texture': False}",0,NO IDEA,1594011500957,1594011505796,1594011505796,"{'top_shape': 'star', 'top_color': 'blue', 'top_texture': False, 'bottom_shape': 'star', 'bottom_color': 'yellow', 'bottom_texture': True}",1,0,4,1594011511048,1594011511048
user_1594011271068,False,7,1594011511049,"{'top_shape': 'diamond', 'top_color': 'yellow', 'top_texture': True, 'bottom_shape': 'diamond', 'bottom_color': 'blue', 'bottom_texture': False}",1,NO IDEA,1594011513708,1594011518239,1594011518239,"{'top_shape': 'star', 'top_color': 'green', 'top_texture': False, 'bottom_shape': 'diamond', 'bottom_color': 'blue', 'bottom_texture': False}",1,0,4,1594011527603,1594011527603
user_1594011271068,False,8,1594011527603,"{'top_shape': 'triangle', 'top_color': 'green', 'top_texture': True, 'bottom_shape': 'oval', 'bottom_color': 'red', 'bottom_texture': True}",0,NO IDEA,1594011529460,1594011535114,1594011535115,"{'top_shape': 'diamond', 'top_color': 'yellow', 'top_texture': False, 'bottom_shape': 'oval', 'bottom_color': 'red', 'bottom_texture': True}",0,0,4,1594011540794,1594011540794
