Subject,Condition,Trial index,Code block,Trial catches fish,Subject response,FINAL - total mechanisms,FINAL - total shape references,FINAL - abstract shape references,FINAL - concrete shape references,FINAL - total color references,FINAL - abstract color references,FINAL - concrete color references,FINAL - total purple dot references,FINAL - abstract purple dot references,FINAL - concrete purple dot references
user_1594612878367,Explain,1,1,1,It's bright and looks like a small fish.,1,0,0,0,1,1,0,0,0,0
user_1594612878367,Explain,2,1,0,"It looks like it would blend in with the water, and doesn't really have a shape of a small fish or food a fish would eat.",2,0,0,0,0,0,0,0,0,0
user_1594612878367,Explain,3,1,0,It's not the shape of anything naturally occurring in water.,1,0,0,0,0,0,0,0,0,0
user_1594612878367,Explain,4,1,1,It takes the shape of what may look like a small fish.,1,0,0,0,0,0,0,0,0,0
user_1594612878367,Explain,5,1,1,It's bright and eye catching.,1,0,0,0,1,1,0,0,0,0
user_1594612878367,Explain,6,1,0,Not naturally shaped like anything that would be in the water.,1,0,0,0,0,0,0,0,0,0
user_1594612878367,Explain,7,1,1,It doesn't look like anything so I'm unsure why. Maybe at this point it depends on it if has a circle somewhere in the larger shape (looks like an eye).,0,0,0,0,0,0,0,2,1,1
user_1594612878367,Explain,8,1,0,It doesn't look like an animal that would be found underwater.,1,0,0,0,0,0,0,0,0,0
user_1594784254125,Explain,1,1,1,it resembles a fish,1,0,0,0,0,0,0,0,0,0
user_1594784254125,Explain,2,1,0,"it is rounded at the ends, making it hard for fish to catch onto it.",1,1,1,0,0,0,0,0,0,0
user_1594784254125,Explain,3,1,0,the bottom portion is not pointed,0,1,1,0,0,0,0,0,0,0
user_1594784254125,Explain,4,1,1,the pointed end is appealing to fish,1,1,1,0,0,0,0,0,0,0
user_1594784254125,Explain,5,1,1,lures that have sharp ends catch fish,1,1,1,0,0,0,0,0,0,0
user_1594784254125,Explain,6,1,0,round end,0,1,1,0,0,0,0,0,0,0
user_1594784254125,Explain,7,1,1,when the lure has a sharp tip at the end fish are caught,1,1,1,0,0,0,0,0,0,0
user_1594784254125,Explain,8,1,0,round end,0,1,1,0,0,0,0,0,0,0
user_1594183430795,Describe,1,1,1,A red tear drop with a yellow downward facing triangle at the end of the tear. There there a purple circle in the top left of the tear,0,2,0,2,2,0,2,1,0,1
user_1594183430795,Describe,2,1,0,It is a green circle with a blue tear on the top of the circle,0,2,0,2,2,0,2,0,0,0
user_1594183430795,Describe,3,1,0,It is a yellow diamond with a green circle on the bottom. there is a purple tiny circle on the bottom left of the circle,0,2,0,2,2,0,2,1,0,1
user_1594183430795,Describe,4,1,1,it is a blue oval with a yellow star attached to the bottom. there is a purple dot on the top right of the star,0,2,0,2,2,0,2,1,0,1
user_1594183430795,Describe,5,1,1,It is a red circle with a green diamond on the bottom. there is a purple circle on both the circle and the diamond,0,2,0,2,2,0,2,2,0,2
user_1594183430795,Describe,6,1,0,It is a star with a red circle on the bottom,0,2,0,2,1,0,1,0,0,0
user_1594183430795,Describe,7,1,1,It is a tellow diamond with a blue diamond attached to the bottom. there is a purple circle on the top of the yellow diamond,0,2,0,2,2,0,2,1,0,1
user_1594183430795,Describe,8,1,0,It is a green triangle with a red oval attached to the bottom. they both have a purple circle to the left of the shape,0,2,0,2,2,0,2,2,0,2
user_1594249910833,Describe,1,1,1,red teardrop with a purple circle inside on the left hand side; inverted yellow triangle below it,0,2,0,2,2,0,2,1,0,1
user_1594249910833,Describe,2,1,0,green circle with a blue teardrop below it,0,2,0,2,2,0,2,0,0,0
user_1594249910833,Describe,3,1,0,yellow diamond with a green circle below it that has a purple circle inside on the right hand side,0,2,0,2,2,0,2,1,0,1
user_1594249910833,Describe,4,1,1,blue oval with a yellow star below it which has a purple dot inside of it,0,2,0,2,2,0,2,1,0,1
user_1594249910833,Describe,5,1,1,"red circle with a purple dot inside of it, green diamond with a purple dot inside of it below the circle",0,2,0,2,2,0,2,2,0,2
user_1594249910833,Describe,6,1,0,blue star with a red small circle below it,0,2,0,2,2,0,2,0,0,0
user_1594249910833,Describe,7,1,1,"yellow diamond with a purple dot inside of it near the top, blue diamond below the yellow diamond",0,2,0,2,2,0,2,1,0,1
user_1594249910833,Describe,8,1,0,"green inverted triangle with a purple dot inside on the upper left corner, below it is a red oval with a purple dot inside of it",0,2,0,2,2,0,2,2,0,2
user_1594761367006,Describe,1,1,1,A triangle attached to a waterdrop-shaped lure with a circle inside.,0,2,0,2,0,0,0,1,0,1
user_1594761367006,Describe,2,1,0,A waterdrop attached to a big circle,0,2,0,2,0,0,0,0,0,0
user_1594761367006,Describe,3,1,0,A small circle with a smaller circle inside attaching to a rhombus shape,0,2,0,2,0,0,0,1,0,1
user_1594761367006,Describe,4,1,1,A star-shaped lure with a small circle inside attached to an oval-shaped lure,0,2,0,2,0,0,0,1,0,1
user_1594761367006,Describe,5,1,1,A rhombus with a small circle inside it attaching to a larger circle with a small circle inside it,0,2,0,2,0,0,0,2,0,2
user_1594761367006,Describe,6,1,0,a star-shaped lure attached to a circle-shaped lure,0,2,0,2,0,0,0,0,0,0
user_1594761367006,Describe,7,1,1,a triangle attached to a larger triangle with a small circle inside,0,2,0,2,0,0,0,1,0,1
user_1594761367006,Describe,8,1,0,an oval-shaped lure with a smaller circle inside it attached to a triangle-shaped lure with a circle inside it,0,2,0,2,0,0,0,2,0,2
user_1595623184030,Describe,1,1,1,Yellow triangle with a red raindrop on top and a purple circle,0,2,0,2,2,0,2,1,0,1
user_1595623184030,Describe,2,1,0,Green circle with blue raindrop,0,2,0,2,2,0,2,0,0,0
user_1595623184030,Describe,3,1,0,Yellow diamond with a green circle and small purple circle,0,2,0,2,2,0,2,1,0,1
user_1595623184030,Describe,4,1,1,blue oval with yellow star with a small purple circle,0,2,0,2,2,0,2,1,0,1
user_1595623184030,Describe,5,1,1,red circle w purple circle and green diamond with purple circle,0,2,0,2,2,0,2,2,0,2
user_1595623184030,Describe,6,1,0,blue star with red circle,0,2,0,2,2,0,2,0,0,0
user_1595623184030,Describe,7,1,1,yellow diamond w purple circle and blue diamond,0,2,0,2,2,0,2,1,0,1
user_1595623184030,Describe,8,1,0,green triangle and red oval,0,2,0,2,2,0,2,0,0,0
user_1595530571067,Explain,1,1,1,the fish wasnt certain,0,0,0,0,0,0,0,0,0,0
user_1595530571067,Explain,2,1,0,the fish was certain,0,0,0,0,0,0,0,0,0,0
user_1595530571067,Explain,3,1,0,the bottom of the lure is round,0,1,1,0,0,0,0,0,0,0
user_1595530571067,Explain,4,1,1,the bottom of the lure is pointed,0,1,1,0,0,0,0,0,0,0
user_1595530571067,Explain,5,1,1,the bottom of the lure is pointed,0,1,1,0,0,0,0,0,0,0
user_1595530571067,Explain,6,1,0,the bottom of the lure is rounded,0,1,1,0,0,0,0,0,0,0
user_1595530571067,Explain,7,1,1,the bottom of the lure is pointed,0,1,1,0,0,0,0,0,0,0
user_1595530571067,Explain,8,1,0,the bottom of the lure is rounded,0,1,1,0,0,0,0,0,0,0
user_1595907288290,Describe,1,1,1,"red raindrop with a purple dot on the right upper side. under, there is a yellow cone.",0,2,0,2,2,0,2,1,0,1
user_1595907288290,Describe,2,1,0,"green circle on top,blue raindrop on bottom",0,2,0,2,2,0,2,0,0,0
user_1595907288290,Describe,3,1,0,"yellow diamond on top, and green olive with red dot on bottom",0,2,0,2,2,0,2,1,0,1
user_1595907288290,Describe,4,1,1,"blue oval on top, yellow sparkle with red dot on bottom",0,2,0,2,2,0,2,1,0,1
user_1595907288290,Describe,5,1,1,red circle on top with purple dot. green diamond on bottom with red dot.,0,2,0,2,2,0,2,2,0,2
user_1595907288290,Describe,6,1,0,"blue sparkle on top, red circle bottom",0,2,0,2,2,0,2,0,0,0
user_1595907288290,Describe,7,1,1,"yello diamond with purple dot on top, blue diamond on bottom",0,2,0,2,2,0,2,1,0,1
user_1595907288290,Describe,8,1,0,green triangle with purple dot on top and red oval with purple dot on bottom,0,2,0,2,2,0,2,2,0,2
user_1594916040377,Describe,1,1,1,"Red big one, a small purple, and a triangle yellow",0,2,0,2,2,0,2,1,0,1
user_1594916040377,Describe,2,1,0,Green ball with a drop like blue,0,2,0,2,2,0,2,0,0,0
user_1594916040377,Describe,3,1,0,Yellow spade with a green round and a purple dot,0,2,1,1,2,0,2,1,0,1
user_1594916040377,Describe,4,1,1,Big round blue with a star like yellow and a purple,0,2,1,1,2,0,2,1,0,1
user_1594916040377,Describe,5,1,1,"Two purple dots, a green spade and a big red round",0,2,1,1,2,0,2,2,0,2
user_1594916040377,Describe,6,1,0,A star like blue with red round,0,2,1,1,2,0,2,0,0,0
user_1594916040377,Describe,7,1,1,"A purple dot, two spades one is yellow another one is blue",0,2,0,2,2,0,2,1,0,1
user_1594916040377,Describe,8,1,0,A green triangle with two purple dots and a semi-shaped red,0,2,1,1,2,0,2,2,0,2
user_1595132974991,Describe,1,1,1,a yellow arrow pointing down with a red water droplet on top and a purple circle on the top left of the droplet,0,2,0,2,2,0,2,1,0,1
user_1595132974991,Describe,2,1,0,a large green circle with a blue water droplet coming from it,0,2,0,2,2,0,2,0,0,0
user_1595132974991,Describe,3,1,0,a yellow diamond with a smaller green circle under it with a small purple ball on the bottom right,0,2,0,2,2,0,2,1,0,1
user_1595132974991,Describe,4,1,1,a blue oval with a yellow plus sign on the bottom and a small circle near the middle of it,0,2,0,2,2,0,2,1,0,1
user_1595132974991,Describe,5,1,1,"a red cirle with a small purple cirlce ner the middl eon the right and under it, a green diamond with a purle cirlce on the right",0,2,0,2,2,0,2,2,0,2
user_1595132974991,Describe,6,1,0,a blue throwng star with a red cirlce under it,0,2,0,2,2,0,2,0,0,0
user_1595132974991,Describe,7,1,1,"a yellow diamon with a purle cirle at the top right, a blue diamond hanging form the yellow one",0,2,0,2,2,0,2,1,0,1
user_1595132974991,Describe,8,1,0,"a green upside down triange with a cirlce at the top left, a red vertical oval at the point with a cirlce in the middle towards the lft",0,2,0,2,2,0,2,2,0,2
user_1595110390402,Explain,1,1,1,"It slightly resembles a smaller fish, but rotated 90 degrees",1,0,0,0,0,0,0,0,0,0
user_1595110390402,Explain,2,1,0,It looks like an Alaia earring from the 2000's‚Äìeven I wouldn't be tempted.,1,0,0,0,0,0,0,0,0,0
user_1595110390402,Explain,3,1,0,It doesn't replicate a fish shape.,1,0,0,0,0,0,0,0,0,0
user_1595110390402,Explain,4,1,1,It more closely resembles a fish's body shape.,1,0,0,0,0,0,0,0,0,0
user_1595110390402,Explain,5,1,1,It seems to follow the trend of having an inner circle with a bigger shape on top followed by a smaller shape on the bottom.,0,0,0,0,0,0,0,1,0,1
user_1595110390402,Explain,6,1,0,It looks too irregular to resemble food.,1,0,0,0,0,0,0,0,0,0
user_1595110390402,Explain,7,1,1,Because it follows the circle in the middle of the top shape followed by a smaller shape dangling off of the top shape.,0,0,0,0,0,0,0,1,0,1
user_1595110390402,Explain,8,1,0,The top shape has hard corners without a circle in the middle.,0,1,1,0,0,0,0,1,0,1
user_1594252556818,Explain,1,1,1,i dont know maybe because it has a small piece at the end where it can easily bite into,1,0,0,0,0,0,0,0,0,0
user_1594252556818,Explain,2,1,0,maybe because of the circular shape or color,0,1,1,0,0,0,0,0,0,0
user_1594252556818,Explain,3,1,0,shape,0,0,0,0,0,0,0,0,0,0
user_1594252556818,Explain,4,1,1,maybe cause the shape is long and is kinda similar to the teardrop's length,0,1,0,1,0,0,0,0,0,0
user_1594252556818,Explain,5,1,1,don't know,0,0,0,0,0,0,0,0,0,0
user_1594252556818,Explain,6,1,0,weird shape,0,0,0,0,0,0,0,0,0,0
user_1594252556818,Explain,7,1,1,not sure,0,0,0,0,0,0,0,0,0,0
user_1594252556818,Explain,8,1,0,weird shape,0,0,0,0,0,0,0,0,0,0
user_1595364343391,Describe,1,1,1,The red object lured the fish.,1,0,0,0,1,0,1,0,0,0
user_1595364343391,Describe,2,1,0,Some object will lure the fish.,1,0,0,0,0,0,0,0,0,0
user_1595364343391,Describe,3,1,0,The object did not lure the fish.,1,0,0,0,0,0,0,0,0,0
user_1595364343391,Describe,4,1,1,The object lured the fish.,1,0,0,0,0,0,0,0,0,0
user_1595364343391,Describe,5,1,1,The object did not lure the fish.,1,0,0,0,0,0,0,0,0,0
user_1595364343391,Describe,6,1,0,The object did not lure the fish.,1,0,0,0,0,0,0,0,0,0
user_1595364343391,Describe,7,1,1,The object will lure the fish.,1,0,0,0,0,0,0,0,0,0
user_1595364343391,Describe,8,1,0,The object will not lure the fish.,1,0,0,0,0,0,0,0,0,0
user_1595956244679,Describe,1,1,1,water drop shaped red lure with a yellow end,0,1,0,1,2,0,2,0,0,0
user_1595956244679,Describe,2,1,0,Large green circle upper part and a blue water drop shape lower part,0,2,0,2,2,0,2,0,0,0
user_1595956244679,Describe,3,1,0,Yellow square upper part and a green circle lower part,0,2,0,2,2,0,2,0,0,0
user_1595956244679,Describe,4,1,1,blue oval upper part and a yellow star-shaped lower part,0,2,0,2,2,0,2,0,0,0
user_1595956244679,Describe,5,1,1,Red circle upper part(including a purple dot) and green square lower part(also including a purple dot),0,2,0,2,2,0,2,2,0,2
user_1595956244679,Describe,6,1,0,blue star-shaped upper part and red circle lower part,0,2,0,2,2,0,2,0,0,0
user_1595956244679,Describe,7,1,1,yellow square upper part(including a purple dot) and a small blue square lower part,0,2,0,2,2,0,2,1,0,1
user_1595956244679,Describe,8,1,0,"green triangle upper part and red oval lower part, both including a purple dot",0,2,0,2,2,0,2,2,0,2
user_1594654000980,Explain,1,1,1,"The end point was sharp and it might have stabbed the fish when it gets closer or did not see it, thus catching the fish successfully.",1,0,0,0,0,0,0,0,0,0
user_1594654000980,Explain,2,1,0,"Both of the lures were limitedly attached to each other and it might have not remained intact when under the water waves, thus not able to catch the fish.",1,0,0,0,0,0,0,0,0,0
user_1594654000980,Explain,3,1,0,"Again, both of the lures were not well attached to each other.",1,0,0,0,0,0,0,0,0,0
user_1594654000980,Explain,4,1,1,"So...not attaching well to each other might not have been the cause. This combination seems to be as the same length as the first combination and longer than the previous two that did not catch the fish. Thus, length might be the reason.",0,0,0,0,0,0,0,0,0,0
user_1594654000980,Explain,5,1,1,Now... length might not be the ost important reason anymore. It looks like so far the combination that helped catch the fish were either long and comprised of three lures or shorter but comprised of four lures.,0,0,0,0,0,0,0,0,0,0
user_1594654000980,Explain,6,1,0,Because it was a combination of only 2 lures and both of them slightly attached to each other.,0,0,0,0,0,0,0,0,0,0
user_1594654000980,Explain,7,1,1,It might be because both of the major lures were the same shape.,1,0,0,0,0,0,0,0,0,0
user_1594654000980,Explain,8,1,0,I don't know. All of my hypotheses were wrong.,0,0,0,0,0,0,0,0,0,0
user_1594350855546,Describe,1,1,1,A teardrop shaped hook with a triangle base.,0,2,0,2,0,0,0,0,0,0
user_1594350855546,Describe,2,1,0,A circular shaped lure with a teardrop bottom will not hook a fish since there is no sharp point for it to hook on to.,1,2,0,2,0,0,0,0,0,0
user_1594350855546,Describe,3,1,0,A diamond shaped hook with a circular bottom.,0,2,1,1,0,0,0,0,0,0
user_1594350855546,Describe,4,1,1,An oval shaped hook with a four pointed star base.,0,2,0,2,0,0,0,0,0,0
user_1594350855546,Describe,5,1,1,A circular shaped hook with a diamond base.,0,2,1,1,0,0,0,0,0,0
user_1594350855546,Describe,6,1,0,A four pointed star hook with a circular base.,0,2,0,2,0,0,0,0,0,0
user_1594350855546,Describe,7,1,1,A two diamond hook.,0,2,0,2,0,0,0,0,0,0
user_1594350855546,Describe,8,1,0,A triangle top hook with an oval shaped base.,0,2,0,2,0,0,0,0,0,0
user_1595914740031,Describe,1,1,1,"Large red top with a purple dot on the middle left, with an orange upside down triangle at the bottom",0,1,0,1,2,0,2,1,0,1
user_1595914740031,Describe,2,1,0,Green circle with a blue teardrop on the bottom,0,2,0,2,2,0,2,0,0,0
user_1595914740031,Describe,3,1,0,"Slanted yellow square, with a green circle (that has a red dot on the bottom right) on the bottom",0,2,0,2,2,0,2,1,0,1
user_1595914740031,Describe,4,1,1,Blue oval with a 4 sided star that has a red dot in the middle on the bottom,0,2,0,2,1,0,1,1,0,1
user_1595914740031,Describe,5,1,1,"Red circle with a purple dot close to the center, with a green rotated square that has a red dot close to the center on the bottom",0,2,0,2,2,0,2,2,0,2
user_1595914740031,Describe,6,1,0,4 sided blue star with a red circle on the bottom,0,2,0,2,2,0,2,0,0,0
user_1595914740031,Describe,7,1,1,"Yellow rotated square with a purple circle on the top right, with a blue rotated square on the bottom",0,2,0,2,2,0,2,1,0,1
user_1595914740031,Describe,8,1,0,"Green upside down triangle with a purple dot at the top left, with a red oval with a purple dot close to the middle on the bottom",0,2,0,2,2,0,2,2,0,2
user_1595891251893,Explain,1,1,1,it resembles a smaller fish,1,0,0,0,0,0,0,0,0,0
user_1595891251893,Explain,2,1,0,It doesn't look like a fish,1,0,0,0,0,0,0,0,0,0
user_1595891251893,Explain,3,1,0,it's an abstarct shape that doesn't resemble a fish,1,0,0,0,0,0,0,0,0,0
user_1595891251893,Explain,4,1,1,It looks more like a fish and it has brighter colors,1,0,0,0,1,1,0,0,0,0
user_1595891251893,Explain,5,1,1,It has bright colors and spots that make it resemble a fish's eye.,1,0,0,0,1,1,0,2,1,1
user_1595891251893,Explain,6,1,0,It doesn't look like a fish at all,1,0,0,0,0,0,0,0,0,0
user_1595891251893,Explain,7,1,1,the purple spot makes it look like a fish with an eye.,1,0,0,0,0,0,0,2,1,1
user_1595891251893,Explain,8,1,0,The shape doesn't look like a normal fish's shape,1,0,0,0,0,0,0,0,0,0
user_1595926140123,Describe,1,1,1,"A lure with the colors red, purple, and yellow. The yellow is a cone at the bottom of the lure, the red is an upside down ice-cream looking shape, and the purple is a dot on the left side of the red shape. The overall shape of the lure is pointy at each end--top and bottom.",0,2,0,2,2,0,2,1,0,1
user_1595926140123,Describe,2,1,0,"This lure has colors green and blue. The green part looks like a circle, and the blue part looks like a waterdrop that hangs at the bottom end of the green part.",0,2,0,2,2,0,2,0,0,0
user_1595926140123,Describe,3,1,0,"There are yellow, green, and violet colors in the lure. The yellow part is in a diamond shape, and the green part is a circle attached at the bottom of the diamond. The magenta part is a little dot at the bottom right edge of the green circle.",0,2,0,2,2,0,2,1,0,1
user_1595926140123,Describe,4,1,1,"A star-looking shape is attached at the bottom end of a vertical oval, and there is a purplish dot on the star.",0,2,0,2,0,0,0,1,0,1
user_1595926140123,Describe,5,1,1,A diamond is attached on a bigger circle. There are two dots on each shape in purple.,0,2,0,2,0,0,0,2,0,2
user_1595926140123,Describe,6,1,0,A red circle is attached at the bottom of a bigger blue star.,0,2,0,2,2,0,2,0,0,0
user_1595926140123,Describe,7,1,1,A blue diamond is attached at the bottom of a bigger yellow diamond with a purple dot,0,2,0,2,2,0,2,1,0,1
user_1595926140123,Describe,8,1,0,A red oval with a dot is attached at the bottom of an upside down green triangle also with a dot,0,2,0,2,2,0,2,2,0,2
user_1594755557485,Explain,1,1,1,"red, big",0,0,0,0,1,0,1,0,0,0
user_1594755557485,Explain,2,1,0,green blue round,0,1,1,0,2,0,2,0,0,0
user_1594755557485,Explain,3,1,0,small round bottom purple dot,0,1,1,0,0,0,0,1,0,1
user_1594755557485,Explain,4,1,1,purple dot not round bottom,0,1,1,0,0,0,0,1,0,1
user_1594755557485,Explain,5,1,1,purple dot not round bottom red,0,1,1,0,1,0,1,1,0,1
user_1594755557485,Explain,6,1,0,round bottom,0,1,1,0,0,0,0,0,0,0
user_1594755557485,Explain,7,1,1,purple dot not round bottom,0,1,1,0,0,0,0,1,0,1
user_1594755557485,Explain,8,1,0,round bottom,0,1,1,0,0,0,0,0,0,0
user_1595911399383,Describe,1,1,1,It is a teardrop with circle in it and attached is a triangle.,0,2,0,2,0,0,0,1,0,1
user_1595911399383,Describe,2,1,0,It is a large green circle with a small blue teardrop attached.,0,2,0,2,2,0,2,0,0,0
user_1595911399383,Describe,3,1,0,It is a diamond shape with a green circle attached that has a small purple circle inside.,0,2,0,2,1,0,1,1,0,1
user_1595911399383,Describe,4,1,1,An oval shape attached to a shimmer type of shape that has a small circle inside,0,2,0,2,0,0,0,1,0,1
user_1595911399383,Describe,5,1,1,A circle with a small purple circle attached to a green diamond with a purple circle,0,2,0,2,1,0,1,2,0,2
user_1595911399383,Describe,6,1,0,shimmer blue shape attached to a smaller red circle,0,2,0,2,2,0,2,0,0,0
user_1595911399383,Describe,7,1,1,a larger yellow diamond with a purple dot inside is attached to a blue diamond.,0,2,0,2,2,0,2,1,0,1
user_1595911399383,Describe,8,1,0,a green triangle with a purple dot inside attached to a red oval with a purple dot inside.,0,2,0,2,2,0,2,2,0,2
user_1595380579336,Describe,1,1,1,Red raindrop with purple circle on the left side of raindrop. Yellow triangle underneath.,0,2,0,2,2,0,2,1,0,1
user_1595380579336,Describe,2,1,0,Green circle with blue raindrop underneath.,0,2,0,2,2,0,2,0,0,0
user_1595380579336,Describe,3,1,0,Yellow diagonal square with small green circle underneath. Small purple dot in green circle.,0,2,0,2,2,0,2,1,0,1
user_1595380579336,Describe,4,1,1,Blue oval with yellow sparkle underneath. Purple dot in yellow sparkle.,0,2,0,2,2,0,2,1,0,1
user_1595380579336,Describe,5,1,1,Red circle with smaller purple circle in it. Green diagonal square underneath with purple dot.,0,2,0,2,2,0,2,2,0,2
user_1595380579336,Describe,6,1,0,Blue sparkle shape with red circle underneath.,0,2,0,2,2,0,2,0,0,0
user_1595380579336,Describe,7,1,1,Yellow diagonal square with purple circle inside. Blue diagonal square underneath.,0,2,0,2,2,0,2,1,0,1
user_1595380579336,Describe,8,1,0,Green upside down triangle with purple circle on lefthand side. Red oval underneath with purple dot.,0,2,0,2,2,0,2,2,0,2
user_1595827209469,Describe,1,1,1,"orange teardrop with small purple circle in upper left, on top of upside down yellow triangle",0,2,0,2,2,0,2,1,0,1
user_1595827209469,Describe,2,1,0,green circle on top of smaller blue teardrop,0,2,0,2,2,0,2,0,0,0
user_1595827209469,Describe,3,1,0,yellow sideways square on top of smaller green circle with small purple circle in lower right,0,2,0,2,2,0,2,1,0,1
user_1595827209469,Describe,4,1,1,blue vertical ellipse on top of yellow 4 pointed star with small purple circle on upper right,0,2,0,2,2,0,2,1,0,1
user_1595827209469,Describe,5,1,1,"orange circle with smaller purple circle in middle lower right, on top of smaller green sideways square with smaller purple circle on the right",0,2,0,2,2,0,2,2,0,2
user_1595827209469,Describe,6,1,0,blue 4 pointed star on top of smaller orange circle,0,2,0,2,2,0,2,0,0,0
user_1595827209469,Describe,7,1,1,"yellow sideways square with small purple circle in upper right, on top of smaller blue sideways square",0,2,0,2,2,0,2,1,0,1
user_1595827209469,Describe,8,1,0,"green upside down triangle with smaller purple circle in upper left, on top of smaller orange vertical ellipse with small purple circle on left",0,2,0,2,2,0,2,2,0,2
user_1594197318329,Explain,1,1,1,"lure looks like fish, violet eye, yellow tail",1,1,1,0,1,0,1,1,1,0
user_1594197318329,Explain,2,1,0,"green ball=not food, fish do not need more water",1,1,0,1,1,0,1,0,0,0
user_1594197318329,Explain,3,1,0,"green ball=not food, square= not food",1,2,0,2,1,0,1,0,0,0
user_1594197318329,Explain,4,1,1,"star=shinny, ellipsoid long like a fish",1,2,0,2,1,1,0,0,0,0
user_1594197318329,Explain,5,1,1,big red small square,0,1,0,1,1,0,1,0,0,0
user_1594197318329,Explain,6,1,0,star is not yellow,0,1,0,1,1,0,1,0,0,0
user_1594197318329,Explain,7,1,1,have at lease one part that have a little purple circle in,0,0,0,0,0,0,0,1,0,1
user_1594197318329,Explain,8,1,0,triangle not working,0,1,0,1,0,0,0,0,0,0
user_1595253071762,Describe,1,1,1,A drop-like red lure with a small purple dot inside of it and a yellow triangle attached to the bottom.,0,2,0,2,2,0,2,1,0,1
user_1595253071762,Describe,2,1,0,A green circle with a small blue drop-like shape.,0,2,0,2,2,0,2,0,0,0
user_1595253071762,Describe,3,1,0,A yellow diamond shape with a green small circle and a small purple dot inside it.,0,2,0,2,2,0,2,1,0,1
user_1595253071762,Describe,4,1,1,A big green oval and a small yellow star shape with a purple dot inside it,0,2,0,2,2,0,2,1,0,1
user_1595253071762,Describe,5,1,1,A big orange circle with a purple dot inside it and a smaller green diamond with a smaller purple dot inside it,0,2,0,2,2,0,2,2,0,2
user_1595253071762,Describe,6,1,0,A blue star with a small orange circle,0,2,0,2,2,0,2,0,0,0
user_1595253071762,Describe,7,1,1,A yellow diamond with a purple dot inside it and a small blue diamond,0,2,0,2,2,0,2,1,0,1
user_1595253071762,Describe,8,1,0,A green triangle with a purple dot inside it and a smaller orange oval with a smaller purple dot inside it,0,2,0,2,2,0,2,2,0,2
user_1595996986613,Explain,1,1,1,Because its colorful,0,0,0,0,0,0,0,0,0,0
user_1595996986613,Explain,2,1,0,Because of the shape,0,0,0,0,0,0,0,0,0,0
user_1595996986613,Explain,3,1,0,Because of the size,0,0,0,0,0,0,0,0,0,0
user_1595996986613,Explain,4,1,1,Because of the shape,0,0,0,0,0,0,0,0,0,0
user_1595996986613,Explain,5,1,1,Because of the shape of the end.,0,0,0,0,0,0,0,0,0,0
user_1595996986613,Explain,6,1,0,Because of the spikes,0,0,0,0,0,0,0,0,0,0
user_1595996986613,Explain,7,1,1,The shape of the end,0,0,0,0,0,0,0,0,0,0
user_1595996986613,Explain,8,1,0,The shape of the top,0,0,0,0,0,0,0,0,0,0
user_1595371819266,Explain,1,1,1,The color may have been able to be seen in the murky water.,1,0,0,0,0,0,0,0,0,0
user_1595371819266,Explain,2,1,0,The color is not as easy to see in water,1,0,0,0,0,0,0,0,0,0
user_1595371819266,Explain,3,1,0,The green circle may not attract fish,1,1,0,1,1,0,1,0,0,0
user_1595371819266,Explain,4,1,1,Theres a sharp thing on the bottom?,0,0,0,0,0,0,0,0,0,0
user_1595371819266,Explain,5,1,1,Theres a sharp thing on the bottom,0,0,0,0,0,0,0,0,0,0
user_1595371819266,Explain,6,1,0,There are no sharp things on the bottom,0,0,0,0,0,0,0,0,0,0
user_1595371819266,Explain,7,1,1,Its sharp on the bottom,0,0,0,0,0,0,0,0,0,0
user_1595371819266,Explain,8,1,0,The bottom is rounded not edgy,0,2,2,0,0,0,0,0,0,0
user_1594955125791,Explain,1,1,1,Because the fish will bite this lure combination,1,0,0,0,0,0,0,0,0,0
user_1594955125791,Explain,2,1,0,Because the fish won't bite this lure combination,1,0,0,0,0,0,0,0,0,0
user_1594955125791,Explain,3,1,0,Because the fish won't bite this lure combination,1,0,0,0,0,0,0,0,0,0
user_1594955125791,Explain,4,1,1,Because the fish will bite this lure combination,1,0,0,0,0,0,0,0,0,0
user_1594955125791,Explain,5,1,1,Because the fish will bite this lure combination,1,0,0,0,0,0,0,0,0,0
user_1594955125791,Explain,6,1,0,Because the fish won't bite this lure combination,1,0,0,0,0,0,0,0,0,0
user_1594955125791,Explain,7,1,1,Because the fish will bite the lure combination,1,0,0,0,0,0,0,0,0,0
user_1594955125791,Explain,8,1,0,Because the fish will not bite this lure combination,1,0,0,0,0,0,0,0,0,0
user_1594241867626,Explain,1,1,1,because this specific type of fish likes this combination,1,0,0,0,0,0,0,0,0,0
user_1594241867626,Explain,2,1,0,Because it is round,0,1,1,0,0,0,0,0,0,0
user_1594241867626,Explain,3,1,0,"Because one side is pointy, other side is round",0,2,2,0,0,0,0,0,0,0
user_1594241867626,Explain,4,1,1,Because it is pointy at the bottom,0,1,1,0,0,0,0,0,0,0
user_1594241867626,Explain,5,1,1,Because it is pointy at the bottom,0,1,1,0,0,0,0,0,0,0
user_1594241867626,Explain,6,1,0,Because it is not pointy at the bottom,0,1,1,0,0,0,0,0,0,0
user_1594241867626,Explain,7,1,1,Because the bottom is pointy,0,1,1,0,0,0,0,0,0,0
user_1594241867626,Explain,8,1,0,Because it is not pointy at the bottom.,0,1,1,0,0,0,0,0,0,0
user_1594204526397,Describe,1,1,1,A red cone on top of a red circle on top of a yellow cone and a purple circle in the center.,0,2,0,2,2,0,2,2,0,2
user_1594204526397,Describe,2,1,0,A green circle above a blue water drop,0,2,0,2,2,0,2,0,0,0
user_1594204526397,Describe,3,1,0,A yellow square on top of a green circle which has a purple tangent circle in it.,0,2,0,2,2,0,2,1,0,1
user_1594204526397,Describe,4,1,1,Blue ellipse above a yellow star with a purple dot in it.,0,2,0,2,2,0,2,1,0,1
user_1594204526397,Describe,5,1,1,A red circle with a purple circle in it on top of a green square with a purple circle in it.,0,2,0,2,2,0,2,2,0,2
user_1594204526397,Describe,6,1,0,A blue star on top of a red circle,0,2,0,2,2,0,2,0,0,0
user_1594204526397,Describe,7,1,1,A yellow square with a purple circle in it on top of a blue square,0,2,0,2,2,0,2,1,0,1
user_1594204526397,Describe,8,1,0,A triangle with a purple dot in it on top of an ellipse with a purple dot.,0,2,0,2,0,0,0,2,0,2
user_1594631978448,Describe,1,1,1,It is a bright orange bait piece. It resembles a fish.,1,0,0,0,1,0,1,0,0,0
user_1594631978448,Describe,2,1,0,It does not have the same shape as the other bait. It is rounder.,0,1,1,0,0,0,0,0,0,0
user_1594631978448,Describe,3,1,0,The roundness of the bait is at the bottom of the bait. Maybe the mouths of the fish are too small to hook onto the bait?,1,1,1,0,0,0,0,0,0,0
user_1594631978448,Describe,4,1,1,This piece is also oblong. Similar to the first bait that attracted a fish. Maybe it's a better shape for fish mouths.,1,1,1,0,0,0,0,0,0,0
user_1594631978448,Describe,5,1,1,Another bait that resembles a fish. Has features that resemble eyeballs,1,0,0,0,0,0,0,1,1,0
user_1594631978448,Describe,6,1,0,Looks really sharp. Would have thought it would catch a fish.,1,0,0,0,0,0,0,0,0,0
user_1594631978448,Describe,7,1,1,Looks like a fish. similar features as the first bait that caught a fish,1,0,0,0,0,0,0,0,0,0
user_1594631978448,Describe,8,1,0,This one looks seems to be too top heavy. it looks like a fish but maybe it looked abnormal because the fin is too big,1,0,0,0,0,0,0,0,0,0
user_1595836551581,Explain,1,1,1,"Not entirely sure, but many because it has the yellow part like the first one",0,0,0,0,1,0,1,0,0,0
user_1595836551581,Explain,2,1,0,Because it didn't have the color yellow,0,0,0,0,1,0,1,0,0,0
user_1595836551581,Explain,3,1,0,Because the bigger piece is squared?,0,1,0,1,0,0,0,0,0,0
user_1595836551581,Explain,4,1,1,The smaller part of the lure has to be yellow,0,0,0,0,1,0,1,0,0,0
user_1595836551581,Explain,5,1,1,Because the smaller piece has a corner/sharp end,0,1,1,0,0,0,0,0,0,0
user_1595836551581,Explain,6,1,0,Because the smaller piece was round and not pointy,0,2,2,0,0,0,0,0,0,0
user_1595836551581,Explain,7,1,1,"The small part of the lure is pointy,sharp",0,1,1,0,0,0,0,0,0,0
user_1595836551581,Explain,8,1,0,"Small piece of lure isn't pointy, sharp",0,1,1,0,0,0,0,0,0,0
user_1595885345560,Describe,1,1,1,big bulb caught fish,1,1,0,1,0,0,0,0,0,0
user_1595885345560,Describe,2,1,0,blue bottom didnt catch fish,0,0,0,0,1,0,1,0,0,0
user_1595885345560,Describe,3,1,0,green bottom didnt catch fish,0,0,0,0,1,0,1,0,0,0
user_1595885345560,Describe,4,1,1,yellow bottom catches fish,0,0,0,0,1,0,1,0,0,0
user_1595885345560,Describe,5,1,1,red top with green bottom caught fish,0,0,0,0,2,0,2,0,0,0
user_1595885345560,Describe,6,1,0,red bottom didnt catch fish,0,0,0,0,1,0,1,0,0,0
user_1595885345560,Describe,7,1,1,yellow and blue color combo,0,0,0,0,2,0,2,0,0,0
user_1595885345560,Describe,8,1,0,green top doesnt catch fish,0,0,0,0,1,0,1,0,0,0
user_1594770781540,Explain,1,1,1,The fish was caught through the net,1,0,0,0,0,0,0,0,0,0
user_1594770781540,Explain,2,1,0,The fish did not fall for the bait in this lure,0,0,0,0,0,0,0,0,0,0
user_1594770781540,Explain,3,1,0,The device used was too small,1,0,0,0,0,0,0,0,0,0
user_1594770781540,Explain,4,1,1,The bait worked extremely well,0,0,0,0,0,0,0,0,0,0
user_1594770781540,Explain,5,1,1,The two parts of the lure proved to work effectively,0,0,0,0,0,0,0,0,0,0
user_1594770781540,Explain,6,1,0,The shape of the device proved insufficient,1,0,0,0,0,0,0,0,0,0
user_1594770781540,Explain,7,1,1,The camoflauge of the bait was optimum,1,0,0,0,0,0,0,0,0,0
user_1594770781540,Explain,8,1,0,The fish was able to avoid the device easily,1,0,0,0,0,0,0,0,0,0
user_1594772128838,Describe,1,1,1,red ice cream come,0,1,0,1,1,0,1,0,0,0
user_1594772128838,Describe,2,1,0,crying green ball,0,1,0,1,1,0,1,0,0,0
user_1594772128838,Describe,3,1,0,chip in olive,0,0,0,0,0,0,0,1,1,0
user_1594772128838,Describe,4,1,1,blue king,0,0,0,0,1,0,1,0,0,0
user_1594772128838,Describe,5,1,1,"big red, green square",0,1,0,1,2,0,2,0,0,0
user_1594772128838,Describe,6,1,0,blue star on period,0,1,0,1,1,0,1,0,0,0
user_1594772128838,Describe,7,1,1,chip with purple mole,0,0,0,0,0,0,0,1,1,0
user_1594772128838,Describe,8,1,0,moldy chip on red olive,0,0,0,0,0,0,0,0,0,0
user_1594200719250,Explain,1,1,1,The fish may have a small mouth that can be easily penetrate with the lure combination.,1,0,0,0,0,0,0,0,0,0
user_1594200719250,Explain,2,1,0,the lure probably was not very eye-catching for the fish to think it is food,1,0,0,0,0,0,0,0,0,0
user_1594200719250,Explain,3,1,0,"the bottom of the lure is rounded, so the fish can't grip on the lure",1,1,1,0,0,0,0,0,0,0
user_1594200719250,Explain,4,1,1,The pointy end allows the fish to be hooked,1,1,1,0,0,0,0,0,0,0
user_1594200719250,Explain,5,1,1,The bottom of the lure is pointy,0,1,1,0,0,0,0,0,0,0
user_1594200719250,Explain,6,1,0,the bottom of the lure is rounded,0,1,1,0,0,0,0,0,0,0
user_1594200719250,Explain,7,1,1,the bottom of the lure is pointy,0,1,1,0,0,0,0,0,0,0
user_1594200719250,Explain,8,1,0,the bottom of the lure is rounded,0,1,1,0,0,0,0,0,0,0
user_1595832060275,Explain,1,1,1,friend might have caught a fish with this lure combination since this fish like this kind observed lure.,0,0,0,0,0,0,0,0,0,0
user_1595832060275,Explain,2,1,0,Since the this kind fish does not like this lure combination,0,0,0,0,0,0,0,0,0,0
user_1595832060275,Explain,3,1,0,fish does not like this combination.,0,0,0,0,0,0,0,0,0,0
user_1595832060275,Explain,4,1,1,fish like small yellow in lure combination.,1,0,0,0,1,0,1,0,0,0
user_1595832060275,Explain,5,1,1,fish like lure combination with large orange.,1,0,0,0,1,0,1,0,0,0
user_1595832060275,Explain,6,1,0,no contain element that fish like in the lure combination.,1,0,0,0,0,0,0,0,0,0
user_1595832060275,Explain,7,1,1,fish like yellow color.,1,0,0,0,1,0,1,0,0,0
user_1595832060275,Explain,8,1,0,not with yellow.,0,0,0,0,1,0,1,0,0,0
user_1595729979286,Describe,1,1,1,Red teardrop with a small purple circle inside of it towards the top left with a yellow triangle under the teardrop pointing down,0,2,0,2,2,0,2,1,0,1
user_1595729979286,Describe,2,1,0,Green circle with a blue teardrop under it,0,2,0,2,2,0,2,0,0,0
user_1595729979286,Describe,3,1,0,yellow diamond with a small green circle under it with a small purple dot inside of the circle,0,2,0,2,2,0,2,1,0,1
user_1595729979286,Describe,4,1,1,blue oval with a star below it. the star has a purple dot inside of it,0,2,0,2,1,0,1,1,0,1
user_1595729979286,Describe,5,1,1,red circle with a purple dot inside of the circle. below it there is a green diamond that also has a purple dot inside of it,0,2,0,2,2,0,2,2,0,2
user_1595729979286,Describe,6,1,0,blue star with a red circle under it,0,2,0,2,2,0,2,0,0,0
user_1595729979286,Describe,7,1,1,yellow diamond with a purple dot inside of it and a blue diamond under it,0,2,0,2,2,0,2,1,0,1
user_1595729979286,Describe,8,1,0,green inverted triangle with a purple dot inside of it and a red oval under it that also has a purple dot inside.,0,2,0,2,2,0,2,2,0,2
user_1594931734727,Describe,1,1,1,"red teardrop with a pink circle, yellow triangle at the bottom",0,2,0,2,2,0,2,1,0,1
user_1594931734727,Describe,2,1,0,green circle with blue teardrop,0,2,0,2,2,0,2,0,0,0
user_1594931734727,Describe,3,1,0,"yellow diamond, green circle with smaller red circle",0,2,0,2,2,0,2,1,0,1
user_1594931734727,Describe,4,1,1,blue oval with yellow sparkle star with pink circle,0,2,0,2,2,0,2,1,0,1
user_1594931734727,Describe,5,1,1,red circle with purple circle; green diamond with pink circle on bottom,0,2,0,2,2,0,2,2,0,2
user_1594931734727,Describe,6,1,0,blue star; red circle,0,2,0,2,2,0,2,0,0,0
user_1594931734727,Describe,7,1,1,yellow diamond with purple circle; blue diamond on bottom,0,2,0,2,2,0,2,1,0,1
user_1594931734727,Describe,8,1,0,green triangle with purple circle over red oval with purple circle,0,2,0,2,2,0,2,2,0,2
user_1594326397424,Describe,1,1,1,The top half of the lure resembles a tear drop shape that connects with the bottom triangle shaped lure.,0,2,0,2,0,0,0,0,0,0
user_1594326397424,Describe,2,1,0,Both parts of the lure have a rounded edge so the fish most likely won't go after it.,1,2,2,0,0,0,0,0,0,0
user_1594326397424,Describe,3,1,0,The bottom lure has a rounded shape while the top lure has a pointed edge.,0,2,2,0,0,0,0,0,0,0
user_1594326397424,Describe,4,1,1,The top lure is connected to a bottom lure with a pointed edge so the fish will most likely grab on to it.,1,1,1,0,0,0,0,0,0,0
user_1594326397424,Describe,5,1,1,The top lure is round while the bottom lure has a pointed edge.,0,2,2,0,0,0,0,0,0,0
user_1594326397424,Describe,6,1,0,The top lure is has pointed edges but the bottom lure does not.,0,1,1,0,0,0,0,0,0,0
user_1594326397424,Describe,7,1,1,Both the top and bottom lures have pointed edges.,0,2,2,0,0,0,0,0,0,0
user_1594326397424,Describe,8,1,0,The top lure has pointed edges but the bottom lure is round.,0,2,2,0,0,0,0,0,0,0
user_1594333046873,Explain,1,1,1,"the color is red, tear-shaped, have edges, may look like a bright fish",1,2,1,1,2,1,1,0,0,0
user_1594333046873,Explain,2,1,0,"color, round, visibly 2 pieces.",0,1,1,0,0,0,0,0,0,0
user_1594333046873,Explain,3,1,0,"rounded bottom, color green",0,1,1,0,1,0,1,0,0,0
user_1594333046873,Explain,4,1,1,"bottom piece has edges, is yellow",0,1,1,0,1,0,1,0,0,0
user_1594333046873,Explain,5,1,1,the bottom piece has edges,0,1,1,0,0,0,0,0,0,0
user_1594333046873,Explain,6,1,0,the bottom piece has no edge,0,1,1,0,0,0,0,0,0,0
user_1594333046873,Explain,7,1,1,the bottom has an edge,0,1,1,0,0,0,0,0,0,0
user_1594333046873,Explain,8,1,0,the bottom piece has no edge,0,1,1,0,0,0,0,0,0,0
user_1595573077309,Explain,1,1,1,Looks like a red bird?,1,0,0,0,1,0,1,0,0,0
user_1595573077309,Explain,2,1,0,Completely different from the original lure,0,0,0,0,0,0,0,0,0,0
user_1595573077309,Explain,3,1,0,Completely different from the original lure that did catch a fish,0,0,0,0,0,0,0,0,0,0
user_1595573077309,Explain,4,1,1,Yellow dangle,0,0,0,0,1,0,1,0,0,0
user_1595573077309,Explain,5,1,1,"Red circle has purple dot, dangle is pointy(?)",0,2,1,1,1,0,1,1,0,1
user_1595573077309,Explain,6,1,0,"Dangle (lower bit) is not pointed (star, triangle, square), upper bit is neither circular nor red",0,2,2,0,1,0,1,0,0,0
user_1595573077309,Explain,7,1,1,"Dangle (lower part) is a square, the upper part has a purple circle in it",0,1,0,1,0,0,0,1,0,1
user_1595573077309,Explain,8,1,0,The dangle (lower part) is ovular,0,1,0,1,0,0,0,0,0,0
user_1595724970045,Explain,1,1,1,because fish felt attached to this lure.,1,0,0,0,0,0,0,0,0,0
user_1595724970045,Explain,2,1,0,Different lure than what this fish is used to.,1,0,0,0,0,0,0,0,0,0
user_1595724970045,Explain,3,1,0,Different lure than what the fish prefers,1,0,0,0,0,0,0,0,0,0
user_1595724970045,Explain,4,1,1,Fish finds this particular lure interesting.,1,0,0,0,0,0,0,0,0,0
user_1595724970045,Explain,5,1,1,Similar to the lure that caught the other fish.,0,0,0,0,0,0,0,0,0,0
user_1595724970045,Explain,6,1,0,Similar to the lures that didn't catch the other fish.,0,0,0,0,0,0,0,0,0,0
user_1595724970045,Explain,7,1,1,Similar to the lure that caught the fish.,0,0,0,0,0,0,0,0,0,0
user_1595724970045,Explain,8,1,0,Different from the other lures.,0,0,0,0,0,0,0,0,0,0
user_1594225543120,Explain,1,1,1,this lure combination may have a similar shape to the fish's prey,1,0,0,0,0,0,0,0,0,0
user_1594225543120,Explain,2,1,0,the fish may be enticed by the presence of a triangular shape at the bottom of the lure,1,1,0,1,0,0,0,0,0,0
user_1594225543120,Explain,3,1,0,"the fish may be enticed by the appearance of the triangular shape at the bottom of the lure. additionally, having a circular object inside another object on the lure does not appear to be beneficial in catching the fish.",2,1,0,1,0,0,0,1,0,1
user_1594225543120,Explain,4,1,1,"The fish may be attracted to small pointy objects, such as the triangle and the ninja star.",1,3,1,2,0,0,0,0,0,0
user_1594225543120,Explain,5,1,1,The lures with small pointy objects hanging from the bottom may have similar appearances to their prey,1,1,1,0,0,0,0,0,0,0
user_1594225543120,Explain,6,1,0,"The small object hanging at the bottom of the lure combination is round, and the fish seems to be attracted to small pointy objects, or objects with corners",1,3,3,0,0,0,0,0,0,0
user_1594225543120,Explain,7,1,1,"The small lure at the bottom of the lure combination is pointy, the fish appear to be attracted to lure combinations with a small, pointy lure hanging from the bottom. It seems they only focus on the shape of the bottom lure, it doesn't matter what the top lure looks like, they will be attracted to the lure combination as long as the bottom lure is pointy in some way.",1,1,1,0,0,0,0,0,0,0
user_1594225543120,Explain,8,1,0,"The fish seem to be attracted to lure combinations where the bottom lure is pointy. The bottom lure of this lure combination was not pointy, so the fish was not attracted to it.",1,1,1,0,0,0,0,0,0,0
user_1594790436180,Describe,1,1,1,A red raindrop shape with a purple dot inside. Underneath it is a smaller yellow triangle.,0,2,0,2,2,0,2,1,0,1
user_1594790436180,Describe,2,1,0,A green circle with a blue raindrop shape under it.,0,2,0,2,2,0,2,0,0,0
user_1594790436180,Describe,3,1,0,A yellow diamond with a smaller green circle under it. There is a purple dot in the green circle.,0,2,0,2,2,0,2,1,0,1
user_1594790436180,Describe,4,1,1,A blue oval shape with a yellow star shape under it. A purple dot is in the star shape.,0,2,0,2,2,0,2,1,0,1
user_1594790436180,Describe,5,1,1,A red circle with a smaller green diamond under it.There is a purple dot in the circle and diamond.,0,2,0,2,2,0,2,2,0,2
user_1594790436180,Describe,6,1,0,A blue star with a smaller red circle under it.,0,2,0,2,2,0,2,0,0,0
user_1594790436180,Describe,7,1,1,A yellow diamond with a purple dot in it. A smaller blue diamond is under the yellow diamond.,0,2,0,2,2,0,2,1,0,1
user_1594790436180,Describe,8,1,0,A green reverse triangle with a red oval shape under it. Both of the triangle and oval shape have purple dots inside.,0,2,0,2,2,0,2,2,0,2
user_1594187133091,Explain,1,1,1,Bright lure with colors that stand out. This attracted the fish's attention and the fish went for the lure.,1,0,0,0,1,1,0,0,0,0
user_1594187133091,Explain,2,1,0,Not enough colors to stand out so it looks boring to the fish.,1,0,0,0,0,0,0,0,0,0
user_1594187133091,Explain,3,1,0,"Maybe the lure wasn't convincing enough. To the fish, it didn't look like food.",1,0,0,0,0,0,0,0,0,0
user_1594187133091,Explain,4,1,1,It might be that this lure looks like other prey the fish might eat. Or green drives away the fish.,2,0,0,0,1,0,1,0,0,0
user_1594187133091,Explain,5,1,1,This lure combo has a somewhat larger round object with a pointed shape at the bottom. The fish might be attracted to this pattern.,1,2,2,0,0,0,0,0,0,0
user_1594187133091,Explain,6,1,0,The bigger shape is the pointy one and the fish are attracted to lures that have big curvy shape.,1,2,2,0,0,0,0,0,0,0
user_1594187133091,Explain,7,1,1,The lure has attention-grabbing colors and looks like a fish.,2,0,0,0,1,1,0,0,0,0
user_1594187133091,Explain,8,1,0,Smaller shape not pointy enough.,0,1,1,0,0,0,0,0,0,0
user_1595825511443,Explain,1,1,1,I don't know,0,0,0,0,0,0,0,0,0,0
user_1595825511443,Explain,2,1,0,its a circle at the top,0,1,0,1,0,0,0,0,0,0
user_1595825511443,Explain,3,1,0,I don't know,0,0,0,0,0,0,0,0,0,0
user_1595825511443,Explain,4,1,1,yellow at the bottom?,0,0,0,0,1,0,1,0,0,0
user_1595825511443,Explain,5,1,1,I don't know,0,0,0,0,0,0,0,0,0,0
user_1595825511443,Explain,6,1,0,The bottom part of lure do not have any edge,0,1,1,0,0,0,0,0,0,0
user_1595825511443,Explain,7,1,1,the bottom part is a square,0,1,0,1,0,0,0,0,0,0
user_1595825511443,Explain,8,1,0,The bottom part does not have edge,0,1,1,0,0,0,0,0,0,0
user_1595289984368,Describe,1,1,1,Yellow cone below an orange water-dropped shape with a purple dot,0,2,0,2,2,0,2,1,0,1
user_1595289984368,Describe,2,1,0,blue water drop beneath a green sphere,0,2,0,2,2,0,2,0,0,0
user_1595289984368,Describe,3,1,0,yellow cube balancing on its apex above a small green sphere with a red dot,0,2,0,2,2,0,2,1,0,1
user_1595289984368,Describe,4,1,1,Long blue elliptical tube on top of a small yellow star that has a red dot,0,2,0,2,2,0,2,1,0,1
user_1595289984368,Describe,5,1,1,small green cube that has a red dot attached by its apex to a large red sphere with a small purple dot,0,2,0,2,2,0,2,2,0,2
user_1595289984368,Describe,6,1,0,large blue star on top of a small red sphere,0,2,0,2,2,0,2,0,0,0
user_1595289984368,Describe,7,1,1,"large yellow cube with a purple dot, attached apex to apex to a small blue cube",0,2,0,2,2,0,2,1,0,1
user_1595289984368,Describe,8,1,0,"large green cone attached by its apex to a small red elliptical tube, both with small purple dots",0,2,0,2,2,0,2,2,0,2
user_1594264311040,Describe,1,1,1,A purple dot is in the top left of a red teardrop with an upside-down yellow triangle connected to the bottom of it.,0,2,0,2,2,0,2,1,0,1
user_1594264311040,Describe,2,1,0,A big green circle is above a small blue teardrop connected to it by the point.,0,2,0,2,2,0,2,0,0,0
user_1594264311040,Describe,3,1,0,"A medium-sized yellow square connects, by its bottom point, to a small green circle with a tiny purple dot in its bottom right.",0,2,0,2,2,0,2,1,0,1
user_1594264311040,Describe,4,1,1,A long blue oval connects to a yellow 4-pointed star with a purple dot in the top right region of its center.,0,2,0,2,2,0,2,1,0,1
user_1594264311040,Describe,5,1,1,A big red circle with a purple dot near its center connects below it to a small green square on its point which has a purple dot in its center-right region.,0,2,0,2,2,0,2,2,0,2
user_1594264311040,Describe,6,1,0,A big blue four-pointed star is above a smaller red circle.,0,2,0,2,2,0,2,0,0,0
user_1594264311040,Describe,7,1,1,A big yellow square has a purple dot near its top point and connects at its bottom point to the point of a smaller blue square.,0,2,0,2,2,0,2,1,0,1
user_1594264311040,Describe,8,1,0,"A big green upside-down triangle has in its top left corner a purple dot and connects by its bottom point to a smaller, tall red oval with a purple dot near its center toward the left.",0,2,0,2,2,0,2,2,0,2
user_1595197269992,Explain,1,1,1,Maybe the colors attracted the fish,1,0,0,0,0,0,0,0,0,0
user_1595197269992,Explain,2,1,0,Maybe the colors are not attractive,1,0,0,0,0,0,0,0,0,0
user_1595197269992,Explain,3,1,0,Maybe it was too small of a lure,1,0,0,0,0,0,0,0,0,0
user_1595197269992,Explain,4,1,1,The lure looks bigger,0,0,0,0,0,0,0,0,0,0
user_1595197269992,Explain,5,1,1,Maybe it is because it is a round top part with a point on the bottom part,0,2,2,0,0,0,0,0,0,0
user_1595197269992,Explain,6,1,0,It is rounded on the bottom and pointy on top,0,2,2,0,0,0,0,0,0,0
user_1595197269992,Explain,7,1,1,The bottom is pointy,0,1,1,0,0,0,0,0,0,0
user_1595197269992,Explain,8,1,0,The bottom is round,0,1,1,0,0,0,0,0,0,0
user_1594263005495,Explain,1,1,1,Better to bite the baite,1,0,0,0,0,0,0,0,0,0
user_1594263005495,Explain,2,1,0,The shape is not right,0,0,0,0,0,0,0,0,0,0
user_1594263005495,Explain,3,1,0,the baite is not right,0,0,0,0,0,0,0,0,0,0
user_1594263005495,Explain,4,1,1,The sahpe is better to catch,1,0,0,0,0,0,0,0,0,0
user_1594263005495,Explain,5,1,1,the square shape is better to catch the fish,1,1,0,1,0,0,0,0,0,0
user_1594263005495,Explain,6,1,0,the baite is the wrong shape,0,0,0,0,0,0,0,0,0,0
user_1594263005495,Explain,7,1,1,there is an edge at the bbairte,0,1,1,0,0,0,0,0,0,0
user_1594263005495,Explain,8,1,0,the baite shape is not right,0,0,0,0,0,0,0,0,0,0
user_1595292781860,Explain,1,1,1,The lure bait was what the fish liked?,0,0,0,0,0,0,0,0,0,0
user_1595292781860,Explain,2,1,0,The shape of the lure was not compatible,0,0,0,0,0,0,0,0,0,0
user_1595292781860,Explain,3,1,0,The lure was a circle,0,1,0,1,0,0,0,0,0,0
user_1595292781860,Explain,4,1,1,"The bottom part of the lure is a triangle, which is similar to the first one",0,1,0,1,0,0,0,0,0,0
user_1595292781860,Explain,5,1,1,The lure is shaped as a diamond. The bottom part is a triangle - which can catch fish,0,2,0,2,0,0,0,0,0,0
user_1595292781860,Explain,6,1,0,The fishing lure used is a circle -previous data shows it can't catch fish.,0,1,0,1,0,0,0,0,0,0
user_1595292781860,Explain,7,1,1,Bottom part is a triangle,0,1,0,1,0,0,0,0,0,0
user_1595292781860,Explain,8,1,0,Oval fishing lure - can't catch fish,0,1,0,1,0,0,0,0,0,0
user_1595046416456,Describe,1,1,1,red tear drop with purple dot on left side and upside-down yellow triangle attached to bottom,0,2,0,2,2,0,2,1,0,1
user_1595046416456,Describe,2,1,0,green circle with blue teardrop attached to bottom,0,2,0,2,2,0,2,0,0,0
user_1595046416456,Describe,3,1,0,yellow diamond with green circle attached to bottom with a purple dot inside near bottom right side,0,2,0,2,2,0,2,1,0,1
user_1595046416456,Describe,4,1,1,blue oval with yellow 4 sided star attached to bottom with purple dot inside near top right corner,0,2,0,2,2,0,2,1,0,1
user_1595046416456,Describe,5,1,1,red circle with purple dot near center with green diamond attached to bottom with purple dot at right corner,0,2,0,2,2,0,2,2,0,2
user_1595046416456,Describe,6,1,0,blue star with red circle attached to bottom,0,2,0,2,2,0,2,0,0,0
user_1595046416456,Describe,7,1,1,yellow diamond with purple dot in top right side with blue diamond attached to bottom,0,2,0,2,2,0,2,1,0,1
user_1595046416456,Describe,8,1,0,green upside-down triangle with purple dot in top left corner and red oval attached to bottom with purple dot in left center,0,2,0,2,2,0,2,2,0,2
user_1595141320973,Describe,1,1,1,"the top has a water-drop shape with a purple dot on the left side, and the bottom part looks like a triangle",0,2,0,2,0,0,0,1,0,1
user_1595141320973,Describe,2,1,0,this lure combination has a circle on top and the bottom has a water-drop shape,0,2,0,2,0,0,0,0,0,0
user_1595141320973,Describe,3,1,0,this lure combination has a square on top and a circle on the bottom with a small dot on the right bottom part of the circle,0,2,0,2,0,0,0,1,0,1
user_1595141320973,Describe,4,1,1,the top has a oval shape and the bottom has a star-shaped with a dot in the middle,0,2,0,2,0,0,0,1,0,1
user_1595141320973,Describe,5,1,1,"it has a circle shape on top with a dot on it, and the bottom looks like a square with a dot on it",0,2,0,2,0,0,0,2,0,2
user_1595141320973,Describe,6,1,0,this lure combination has a star shape and the bottom is a circle,0,2,0,2,0,0,0,0,0,0
user_1595141320973,Describe,7,1,1,it contains two square shaped part and the top one has a dot on the right top part,0,2,0,2,0,0,0,1,0,1
user_1595141320973,Describe,8,1,0,the top of the lure is a reversed triangle and the bottom is a small oval shape,0,2,0,2,0,0,0,0,0,0
user_1594170638120,Explain,1,1,1,Possibly because it resembles a fish with an eye and the triangle as a tail.,1,1,0,1,0,0,0,1,1,0
user_1594170638120,Explain,2,1,0,Doesn't resemble another animal and might have been difficultt for the fish to hook onto.,2,0,0,0,0,0,0,0,0,0
user_1594170638120,Explain,3,1,0,"Similarly to the other one, the circle may have made it difficult for the fish to hook onto.",1,1,0,1,0,0,0,0,0,0
user_1594170638120,Explain,4,1,1,"Could be easier to hook onto, the shapes that are more triangular seem to work in luring.",1,1,0,1,0,0,0,0,0,0
user_1594170638120,Explain,5,1,1,"Similarly, to the other lure combinations that worked, the bottom shape has a more triangular shape.",0,1,0,1,0,0,0,0,0,0
user_1594170638120,Explain,6,1,0,"Due to the bottom shape being a circle, it could be difficult for the fish to hook onto.",1,1,0,1,0,0,0,0,0,0
user_1594170638120,Explain,7,1,1,Also resembles a fish and the triangular bottom shape.,1,1,0,1,0,0,0,0,0,0
user_1594170638120,Explain,8,1,0,The bottom shape is an oval so the fish don't hook onto it.,1,1,0,1,0,0,0,0,0,0
user_1594191805973,Explain,1,1,1,It has more than one kind of lure.,0,0,0,0,0,0,0,0,0,0
user_1594191805973,Explain,2,1,0,This combination includes neither kind of lure in the successful combination.,0,0,0,0,0,0,0,0,0,0
user_1594191805973,Explain,3,1,0,This combination contains neither kind of lure in the successful combination.,0,0,0,0,0,0,0,0,0,0
user_1594191805973,Explain,4,1,1,not sure,0,0,0,0,0,0,0,0,0,0
user_1594191805973,Explain,5,1,1,not sure,0,0,0,0,0,0,0,0,0,0
user_1594191805973,Explain,6,1,0,not sure,0,0,0,0,0,0,0,0,0,0
user_1594191805973,Explain,7,1,1,not sure,0,0,0,0,0,0,0,0,0,0
user_1594191805973,Explain,8,1,0,not sure,0,0,0,0,0,0,0,0,0,0
user_1595889249516,Explain,1,1,1,bait,0,0,0,0,0,0,0,0,0,0
user_1595889249516,Explain,2,1,0,didnt have right lure,0,0,0,0,0,0,0,0,0,0
user_1595889249516,Explain,3,1,0,not the right lure,0,0,0,0,0,0,0,0,0,0
user_1595889249516,Explain,4,1,1,yellow end,0,0,0,0,1,0,1,0,0,0
user_1595889249516,Explain,5,1,1,red lure,0,0,0,0,1,0,1,0,0,0
user_1595889249516,Explain,6,1,0,red end,0,0,0,0,1,0,1,0,0,0
user_1595889249516,Explain,7,1,1,square lure,0,1,0,1,0,0,0,0,0,0
user_1595889249516,Explain,8,1,0,only one circle on lure,0,1,0,1,0,0,0,0,0,0
user_1595998510210,Describe,1,1,1,With fire.,0,0,0,0,0,0,0,0,0,0
user_1595998510210,Describe,2,1,0,The tool cannot catch the fish.,0,0,0,0,0,0,0,0,0,0
user_1595998510210,Describe,3,1,0,The tool cannot catch the fish,0,0,0,0,0,0,0,0,0,0
user_1595998510210,Describe,4,1,1,The tool is useful enough to catch the fish.,0,0,0,0,0,0,0,0,0,0
user_1595998510210,Describe,5,1,1,The tool can catch the fish.,0,0,0,0,0,0,0,0,0,0
user_1595998510210,Describe,6,1,0,The tool cannot catch the fish.,0,0,0,0,0,0,0,0,0,0
user_1595998510210,Describe,7,1,1,The fish can catch the fish.,0,0,0,0,0,0,0,0,0,0
user_1595998510210,Describe,8,1,0,The tool cannot catch the fish.,0,0,0,0,0,0,0,0,0,0
user_1595627335626,Explain,1,1,1,Shy might have caught a fish with this lure combination because it resembles food that the fish may eat.,1,0,0,0,0,0,0,0,0,0
user_1595627335626,Explain,2,1,0,"it might not have caught any fish because it is round, unlike the pointed lure beforehand.",0,2,2,0,0,0,0,0,0,0
user_1595627335626,Explain,3,1,0,It still has a round bottom.,0,1,1,0,0,0,0,0,0,0
user_1595627335626,Explain,4,1,1,The bottom shape is pointy and yellow.,0,1,1,0,1,0,1,0,0,0
user_1595627335626,Explain,5,1,1,The bottom shape is pointy.,0,1,1,0,0,0,0,0,0,0
user_1595627335626,Explain,6,1,0,Did not catch fish because bottom shape is not pointy and no purple dot inside shape.,0,1,1,0,0,0,0,1,0,1
user_1595627335626,Explain,7,1,1,Has a purple dot.,0,0,0,0,0,0,0,1,0,1
user_1595627335626,Explain,8,1,0,Not sure.,0,0,0,0,0,0,0,0,0,0
user_1595730059834,Describe,1,1,1,"Upside down,red ice cream cone, with a separate yellow cone underneath it. The red cone has a purple dot near the left hand-side of the tip.",0,2,0,2,2,0,2,1,0,1
user_1595730059834,Describe,2,1,0,"Large green circle in the middle, with a blue, water droplet shaped figure underneath it.",0,2,0,2,2,0,2,0,0,0
user_1595730059834,Describe,3,1,0,"Small, equidistant, yellow diamond. Underneath the Middle point, there is a smaller green circle, with a red dot on the lower right hand side.",0,2,0,2,2,0,2,1,0,1
user_1595730059834,Describe,4,1,1,"Long, blue oval, with a yellow diamond, 4 sided, star-like shape. Inside the yellow figure there is a red dot in between the top in the right-most points.",0,2,0,2,2,0,2,1,0,1
user_1595730059834,Describe,5,1,1,"Large red circle, with a purple dot located in the center but a bit closer to the lower right hand side. Directly beneath the red circle, there is an equidistant, small, green diamond shape. Inside the green figure, there is another smaller purple dot placed slightly to the right of the center of the diamond.",0,2,0,2,2,0,2,2,0,2
user_1595730059834,Describe,6,1,0,"A large, blue, 4 sided, star-like shaped, without the curved sides. Directly beneath the bottom middle point, there is a small red circle.",0,2,0,2,2,0,2,0,0,0
user_1595730059834,Describe,7,1,1,"A large, yellow, equidistant diamond. Inside the yellow figure there is a small purple circle against the upper right hand side edge. Beneath the lowest point of the diamond, there is similar, smaller equidistant, blue diamond.",0,2,0,2,2,0,2,1,0,1
user_1595730059834,Describe,8,1,0,"Large, green upside down triangle, inside the triangle there is a small, purple, circle located in the upper left side corner. Beneath the lowest point, there is a small, long, red oval. Inside the red oval, there is a smaller purple circle located to the left of the center mark of the red oval.",0,2,0,2,2,0,2,2,0,2
user_1595748657884,Explain,1,1,1,Red is an eyecatching color.,1,0,0,0,1,0,1,0,0,0
user_1595748657884,Explain,2,1,0,it is more round and the color is not as bright so the fish might have not seen it,1,1,1,0,1,1,0,0,0,0
user_1595748657884,Explain,3,1,0,the lure was not as big as the first one,0,0,0,0,0,0,0,0,0,0
user_1595748657884,Explain,4,1,1,the shape is more elongated and the smaller shape below is more angular like the first lure,0,2,2,0,0,0,0,0,0,0
user_1595748657884,Explain,5,1,1,the lure is red and the shape below is angular,0,1,1,0,1,0,1,0,0,0
user_1595748657884,Explain,6,1,0,the part at the bottom is not angular and the blue shape is small,0,1,1,0,1,0,1,0,0,0
user_1595748657884,Explain,7,1,1,the shape of the lure is angular,0,1,1,0,0,0,0,0,0,0
user_1595748657884,Explain,8,1,0,the shape at the bottom of the lure is not angular,0,1,1,0,0,0,0,0,0,0
user_1594253764218,Describe,1,1,1,A red water droplet with a purple circle in it on top of a yellow triangle,0,2,0,2,2,0,2,1,0,1
user_1594253764218,Describe,2,1,0,A green circle on top of a blue teardrop shape,0,2,0,2,2,0,2,0,0,0
user_1594253764218,Describe,3,1,0,A yellow square diamond on top of a green circle with a red dot in it (olive),0,2,0,2,2,0,2,1,0,1
user_1594253764218,Describe,4,1,1,A blue oval on top of a yellow throwing star with a red dot in it,0,2,0,2,2,0,2,1,0,1
user_1594253764218,Describe,5,1,1,A red circle with a purple circle in it and a green square diamond with a circle in it,0,2,0,2,2,0,2,2,0,2
user_1594253764218,Describe,6,1,0,A blue throwing star on top of a red circle,0,2,0,2,2,0,2,0,0,0
user_1594253764218,Describe,7,1,1,A yellow square diamond with a purple circle in it on top of a blue square diamond,0,2,0,2,2,0,2,1,0,1
user_1594253764218,Describe,8,1,0,An upside down green triangle with a purple circle in it on top of a red oval with a purple circle in it,0,2,0,2,2,0,2,2,0,2